Year,Indicator,ISO,Country,Breakdown,Unit of measure,Value
2024,OECD Digital Services Trade Restrictiveness Index,AUS,Australia,Infrastructure and connectivity,Index: 1 = maximum restriction,0
2023,OECD Digital Services Trade Restrictiveness Index,AUS,Australia,Infrastructure and connectivity,Index: 1 = maximum restriction,0
2022,OECD Digital Services Trade Restrictiveness Index,AUS,Australia,Infrastructure and connectivity,Index: 1 = maximum restriction,0
2021,OECD Digital Services Trade Restrictiveness Index,AUS,Australia,Infrastructure and connectivity,Index: 1 = maximum restriction,0
2018,OECD Digital Services Trade Restrictiveness Index,AUS,Australia,Infrastructure and connectivity,Index: 1 = maximum restriction,0
2017,OECD Digital Services Trade Restrictiveness Index,AUS,Australia,Infrastructure and connectivity,Index: 1 = maximum restriction,0
2016,OECD Digital Services Trade Restrictiveness Index,AUS,Australia,Infrastructure and connectivity,Index: 1 = maximum restriction,0
2015,OECD Digital Services Trade Restrictiveness Index,AUS,Australia,Infrastructure and connectivity,Index: 1 = maximum restriction,0
2014,OECD Digital Services Trade Restrictiveness Index,AUS,Australia,Infrastructure and connectivity,Index: 1 = maximum restriction,0
2020,OECD Digital Services Trade Restrictiveness Index,AUS,Australia,Infrastructure and connectivity,Index: 1 = maximum restriction,0
2019,OECD Digital Services Trade Restrictiveness Index,AUS,Australia,Infrastructure and connectivity,Index: 1 = maximum restriction,0
2024,OECD Digital Services Trade Restrictiveness Index,AUS,Australia,Indicator DSTRI,Index: 1 = maximum restriction,0.02
2023,OECD Digital Services Trade Restrictiveness Index,AUS,Australia,Indicator DSTRI,Index: 1 = maximum restriction,0.02
2022,OECD Digital Services Trade Restrictiveness Index,AUS,Australia,Indicator DSTRI,Index: 1 = maximum restriction,0.02
2021,OECD Digital Services Trade Restrictiveness Index,AUS,Australia,Indicator DSTRI,Index: 1 = maximum restriction,0.02
2018,OECD Digital Services Trade Restrictiveness Index,AUS,Australia,Indicator DSTRI,Index: 1 = maximum restriction,0.02
2017,OECD Digital Services Trade Restrictiveness Index,AUS,Australia,Indicator DSTRI,Index: 1 = maximum restriction,0.02
2016,OECD Digital Services Trade Restrictiveness Index,AUS,Australia,Indicator DSTRI,Index: 1 = maximum restriction,0.02
2015,OECD Digital Services Trade Restrictiveness Index,AUS,Australia,Indicator DSTRI,Index: 1 = maximum restriction,0.02
2014,OECD Digital Services Trade Restrictiveness Index,AUS,Australia,Indicator DSTRI,Index: 1 = maximum restriction,0.02
2020,OECD Digital Services Trade Restrictiveness Index,AUS,Australia,Indicator DSTRI,Index: 1 = maximum restriction,0.02
2019,OECD Digital Services Trade Restrictiveness Index,AUS,Australia,Indicator DSTRI,Index: 1 = maximum restriction,0.02
2024,OECD Digital Services Trade Restrictiveness Index,AUS,Australia,Electronic transactions,Index: 1 = maximum restriction,0.02
2023,OECD Digital Services Trade Restrictiveness Index,AUS,Australia,Electronic transactions,Index: 1 = maximum restriction,0.02
2022,OECD Digital Services Trade Restrictiveness Index,AUS,Australia,Electronic transactions,Index: 1 = maximum restriction,0.02
2021,OECD Digital Services Trade Restrictiveness Index,AUS,Australia,Electronic transactions,Index: 1 = maximum restriction,0.02
2018,OECD Digital Services Trade Restrictiveness Index,AUS,Australia,Electronic transactions,Index: 1 = maximum restriction,0.02
2017,OECD Digital Services Trade Restrictiveness Index,AUS,Australia,Electronic transactions,Index: 1 = maximum restriction,0.02
2016,OECD Digital Services Trade Restrictiveness Index,AUS,Australia,Electronic transactions,Index: 1 = maximum restriction,0.02
2015,OECD Digital Services Trade Restrictiveness Index,AUS,Australia,Electronic transactions,Index: 1 = maximum restriction,0.02
2014,OECD Digital Services Trade Restrictiveness Index,AUS,Australia,Electronic transactions,Index: 1 = maximum restriction,0.02
2020,OECD Digital Services Trade Restrictiveness Index,AUS,Australia,Electronic transactions,Index: 1 = maximum restriction,0.02
2019,OECD Digital Services Trade Restrictiveness Index,AUS,Australia,Electronic transactions,Index: 1 = maximum restriction,0.02
2024,OECD Digital Services Trade Restrictiveness Index,AUS,Australia,Other barriers affecting trade in digitally enabled services,Index: 1 = maximum restriction,0
2023,OECD Digital Services Trade Restrictiveness Index,AUS,Australia,Other barriers affecting trade in digitally enabled services,Index: 1 = maximum restriction,0
2022,OECD Digital Services Trade Restrictiveness Index,AUS,Australia,Other barriers affecting trade in digitally enabled services,Index: 1 = maximum restriction,0
2021,OECD Digital Services Trade Restrictiveness Index,AUS,Australia,Other barriers affecting trade in digitally enabled services,Index: 1 = maximum restriction,0
2018,OECD Digital Services Trade Restrictiveness Index,AUS,Australia,Other barriers affecting trade in digitally enabled services,Index: 1 = maximum restriction,0
2017,OECD Digital Services Trade Restrictiveness Index,AUS,Australia,Other barriers affecting trade in digitally enabled services,Index: 1 = maximum restriction,0
2016,OECD Digital Services Trade Restrictiveness Index,AUS,Australia,Other barriers affecting trade in digitally enabled services,Index: 1 = maximum restriction,0
2015,OECD Digital Services Trade Restrictiveness Index,AUS,Australia,Other barriers affecting trade in digitally enabled services,Index: 1 = maximum restriction,0
2014,OECD Digital Services Trade Restrictiveness Index,AUS,Australia,Other barriers affecting trade in digitally enabled services,Index: 1 = maximum restriction,0
2020,OECD Digital Services Trade Restrictiveness Index,AUS,Australia,Other barriers affecting trade in digitally enabled services,Index: 1 = maximum restriction,0
2019,OECD Digital Services Trade Restrictiveness Index,AUS,Australia,Other barriers affecting trade in digitally enabled services,Index: 1 = maximum restriction,0
2024,OECD Digital Services Trade Restrictiveness Index,AUS,Australia,Payment system,Index: 1 = maximum restriction,0
2023,OECD Digital Services Trade Restrictiveness Index,AUS,Australia,Payment system,Index: 1 = maximum restriction,0
2022,OECD Digital Services Trade Restrictiveness Index,AUS,Australia,Payment system,Index: 1 = maximum restriction,0
2021,OECD Digital Services Trade Restrictiveness Index,AUS,Australia,Payment system,Index: 1 = maximum restriction,0
2018,OECD Digital Services Trade Restrictiveness Index,AUS,Australia,Payment system,Index: 1 = maximum restriction,0
2017,OECD Digital Services Trade Restrictiveness Index,AUS,Australia,Payment system,Index: 1 = maximum restriction,0
2016,OECD Digital Services Trade Restrictiveness Index,AUS,Australia,Payment system,Index: 1 = maximum restriction,0
2015,OECD Digital Services Trade Restrictiveness Index,AUS,Australia,Payment system,Index: 1 = maximum restriction,0
2014,OECD Digital Services Trade Restrictiveness Index,AUS,Australia,Payment system,Index: 1 = maximum restriction,0
2020,OECD Digital Services Trade Restrictiveness Index,AUS,Australia,Payment system,Index: 1 = maximum restriction,0
2019,OECD Digital Services Trade Restrictiveness Index,AUS,Australia,Payment system,Index: 1 = maximum restriction,0
2024,OECD Digital Services Trade Restrictiveness Index,AUS,Australia,Intellectual property rights,Index: 1 = maximum restriction,0
2023,OECD Digital Services Trade Restrictiveness Index,AUS,Australia,Intellectual property rights,Index: 1 = maximum restriction,0
2022,OECD Digital Services Trade Restrictiveness Index,AUS,Australia,Intellectual property rights,Index: 1 = maximum restriction,0
2021,OECD Digital Services Trade Restrictiveness Index,AUS,Australia,Intellectual property rights,Index: 1 = maximum restriction,0
2018,OECD Digital Services Trade Restrictiveness Index,AUS,Australia,Intellectual property rights,Index: 1 = maximum restriction,0
2017,OECD Digital Services Trade Restrictiveness Index,AUS,Australia,Intellectual property rights,Index: 1 = maximum restriction,0
2016,OECD Digital Services Trade Restrictiveness Index,AUS,Australia,Intellectual property rights,Index: 1 = maximum restriction,0
2015,OECD Digital Services Trade Restrictiveness Index,AUS,Australia,Intellectual property rights,Index: 1 = maximum restriction,0
2014,OECD Digital Services Trade Restrictiveness Index,AUS,Australia,Intellectual property rights,Index: 1 = maximum restriction,0
2020,OECD Digital Services Trade Restrictiveness Index,AUS,Australia,Intellectual property rights,Index: 1 = maximum restriction,0
2019,OECD Digital Services Trade Restrictiveness Index,AUS,Australia,Intellectual property rights,Index: 1 = maximum restriction,0
2024,OECD Digital Services Trade Restrictiveness Index,AUT,Austria,Infrastructure and connectivity,Index: 1 = maximum restriction,0.12
2023,OECD Digital Services Trade Restrictiveness Index,AUT,Austria,Infrastructure and connectivity,Index: 1 = maximum restriction,0.12
2022,OECD Digital Services Trade Restrictiveness Index,AUT,Austria,Infrastructure and connectivity,Index: 1 = maximum restriction,0.12
2021,OECD Digital Services Trade Restrictiveness Index,AUT,Austria,Infrastructure and connectivity,Index: 1 = maximum restriction,0.12
2018,OECD Digital Services Trade Restrictiveness Index,AUT,Austria,Infrastructure and connectivity,Index: 1 = maximum restriction,0.12
2017,OECD Digital Services Trade Restrictiveness Index,AUT,Austria,Infrastructure and connectivity,Index: 1 = maximum restriction,0.12
2016,OECD Digital Services Trade Restrictiveness Index,AUT,Austria,Infrastructure and connectivity,Index: 1 = maximum restriction,0
2015,OECD Digital Services Trade Restrictiveness Index,AUT,Austria,Infrastructure and connectivity,Index: 1 = maximum restriction,0
2014,OECD Digital Services Trade Restrictiveness Index,AUT,Austria,Infrastructure and connectivity,Index: 1 = maximum restriction,0
2020,OECD Digital Services Trade Restrictiveness Index,AUT,Austria,Infrastructure and connectivity,Index: 1 = maximum restriction,0.12
2019,OECD Digital Services Trade Restrictiveness Index,AUT,Austria,Infrastructure and connectivity,Index: 1 = maximum restriction,0.12
2024,OECD Digital Services Trade Restrictiveness Index,AUT,Austria,Indicator DSTRI,Index: 1 = maximum restriction,0.16
2023,OECD Digital Services Trade Restrictiveness Index,AUT,Austria,Indicator DSTRI,Index: 1 = maximum restriction,0.16
2022,OECD Digital Services Trade Restrictiveness Index,AUT,Austria,Indicator DSTRI,Index: 1 = maximum restriction,0.16
2021,OECD Digital Services Trade Restrictiveness Index,AUT,Austria,Indicator DSTRI,Index: 1 = maximum restriction,0.16
2018,OECD Digital Services Trade Restrictiveness Index,AUT,Austria,Indicator DSTRI,Index: 1 = maximum restriction,0.16
2017,OECD Digital Services Trade Restrictiveness Index,AUT,Austria,Indicator DSTRI,Index: 1 = maximum restriction,0.16
2016,OECD Digital Services Trade Restrictiveness Index,AUT,Austria,Indicator DSTRI,Index: 1 = maximum restriction,0.04
2015,OECD Digital Services Trade Restrictiveness Index,AUT,Austria,Indicator DSTRI,Index: 1 = maximum restriction,0.04
2014,OECD Digital Services Trade Restrictiveness Index,AUT,Austria,Indicator DSTRI,Index: 1 = maximum restriction,0.04
2020,OECD Digital Services Trade Restrictiveness Index,AUT,Austria,Indicator DSTRI,Index: 1 = maximum restriction,0.16
2019,OECD Digital Services Trade Restrictiveness Index,AUT,Austria,Indicator DSTRI,Index: 1 = maximum restriction,0.16
2024,OECD Digital Services Trade Restrictiveness Index,AUT,Austria,Electronic transactions,Index: 1 = maximum restriction,0.02
2023,OECD Digital Services Trade Restrictiveness Index,AUT,Austria,Electronic transactions,Index: 1 = maximum restriction,0.02
2022,OECD Digital Services Trade Restrictiveness Index,AUT,Austria,Electronic transactions,Index: 1 = maximum restriction,0.02
2021,OECD Digital Services Trade Restrictiveness Index,AUT,Austria,Electronic transactions,Index: 1 = maximum restriction,0.02
2018,OECD Digital Services Trade Restrictiveness Index,AUT,Austria,Electronic transactions,Index: 1 = maximum restriction,0.02
2017,OECD Digital Services Trade Restrictiveness Index,AUT,Austria,Electronic transactions,Index: 1 = maximum restriction,0.02
2016,OECD Digital Services Trade Restrictiveness Index,AUT,Austria,Electronic transactions,Index: 1 = maximum restriction,0.02
2015,OECD Digital Services Trade Restrictiveness Index,AUT,Austria,Electronic transactions,Index: 1 = maximum restriction,0.02
2014,OECD Digital Services Trade Restrictiveness Index,AUT,Austria,Electronic transactions,Index: 1 = maximum restriction,0.02
2020,OECD Digital Services Trade Restrictiveness Index,AUT,Austria,Electronic transactions,Index: 1 = maximum restriction,0.02
2019,OECD Digital Services Trade Restrictiveness Index,AUT,Austria,Electronic transactions,Index: 1 = maximum restriction,0.02
2024,OECD Digital Services Trade Restrictiveness Index,AUT,Austria,Other barriers affecting trade in digitally enabled services,Index: 1 = maximum restriction,0.02
2023,OECD Digital Services Trade Restrictiveness Index,AUT,Austria,Other barriers affecting trade in digitally enabled services,Index: 1 = maximum restriction,0.02
2022,OECD Digital Services Trade Restrictiveness Index,AUT,Austria,Other barriers affecting trade in digitally enabled services,Index: 1 = maximum restriction,0.02
2021,OECD Digital Services Trade Restrictiveness Index,AUT,Austria,Other barriers affecting trade in digitally enabled services,Index: 1 = maximum restriction,0.02
2018,OECD Digital Services Trade Restrictiveness Index,AUT,Austria,Other barriers affecting trade in digitally enabled services,Index: 1 = maximum restriction,0.02
2017,OECD Digital Services Trade Restrictiveness Index,AUT,Austria,Other barriers affecting trade in digitally enabled services,Index: 1 = maximum restriction,0.02
2016,OECD Digital Services Trade Restrictiveness Index,AUT,Austria,Other barriers affecting trade in digitally enabled services,Index: 1 = maximum restriction,0.02
2015,OECD Digital Services Trade Restrictiveness Index,AUT,Austria,Other barriers affecting trade in digitally enabled services,Index: 1 = maximum restriction,0.02
2014,OECD Digital Services Trade Restrictiveness Index,AUT,Austria,Other barriers affecting trade in digitally enabled services,Index: 1 = maximum restriction,0.02
2020,OECD Digital Services Trade Restrictiveness Index,AUT,Austria,Other barriers affecting trade in digitally enabled services,Index: 1 = maximum restriction,0.02
2019,OECD Digital Services Trade Restrictiveness Index,AUT,Austria,Other barriers affecting trade in digitally enabled services,Index: 1 = maximum restriction,0.02
2024,OECD Digital Services Trade Restrictiveness Index,AUT,Austria,Payment system,Index: 1 = maximum restriction,0
2023,OECD Digital Services Trade Restrictiveness Index,AUT,Austria,Payment system,Index: 1 = maximum restriction,0
2022,OECD Digital Services Trade Restrictiveness Index,AUT,Austria,Payment system,Index: 1 = maximum restriction,0
2021,OECD Digital Services Trade Restrictiveness Index,AUT,Austria,Payment system,Index: 1 = maximum restriction,0
2018,OECD Digital Services Trade Restrictiveness Index,AUT,Austria,Payment system,Index: 1 = maximum restriction,0
2017,OECD Digital Services Trade Restrictiveness Index,AUT,Austria,Payment system,Index: 1 = maximum restriction,0
2016,OECD Digital Services Trade Restrictiveness Index,AUT,Austria,Payment system,Index: 1 = maximum restriction,0
2015,OECD Digital Services Trade Restrictiveness Index,AUT,Austria,Payment system,Index: 1 = maximum restriction,0
2014,OECD Digital Services Trade Restrictiveness Index,AUT,Austria,Payment system,Index: 1 = maximum restriction,0
2020,OECD Digital Services Trade Restrictiveness Index,AUT,Austria,Payment system,Index: 1 = maximum restriction,0
2019,OECD Digital Services Trade Restrictiveness Index,AUT,Austria,Payment system,Index: 1 = maximum restriction,0
2024,OECD Digital Services Trade Restrictiveness Index,AUT,Austria,Intellectual property rights,Index: 1 = maximum restriction,0
2023,OECD Digital Services Trade Restrictiveness Index,AUT,Austria,Intellectual property rights,Index: 1 = maximum restriction,0
2022,OECD Digital Services Trade Restrictiveness Index,AUT,Austria,Intellectual property rights,Index: 1 = maximum restriction,0
2021,OECD Digital Services Trade Restrictiveness Index,AUT,Austria,Intellectual property rights,Index: 1 = maximum restriction,0
2018,OECD Digital Services Trade Restrictiveness Index,AUT,Austria,Intellectual property rights,Index: 1 = maximum restriction,0
2017,OECD Digital Services Trade Restrictiveness Index,AUT,Austria,Intellectual property rights,Index: 1 = maximum restriction,0
2016,OECD Digital Services Trade Restrictiveness Index,AUT,Austria,Intellectual property rights,Index: 1 = maximum restriction,0
2015,OECD Digital Services Trade Restrictiveness Index,AUT,Austria,Intellectual property rights,Index: 1 = maximum restriction,0
2014,OECD Digital Services Trade Restrictiveness Index,AUT,Austria,Intellectual property rights,Index: 1 = maximum restriction,0
2020,OECD Digital Services Trade Restrictiveness Index,AUT,Austria,Intellectual property rights,Index: 1 = maximum restriction,0
2019,OECD Digital Services Trade Restrictiveness Index,AUT,Austria,Intellectual property rights,Index: 1 = maximum restriction,0
2024,OECD Digital Services Trade Restrictiveness Index,BEL,Belgium,Infrastructure and connectivity,Index: 1 = maximum restriction,0.08
2023,OECD Digital Services Trade Restrictiveness Index,BEL,Belgium,Infrastructure and connectivity,Index: 1 = maximum restriction,0.08
2022,OECD Digital Services Trade Restrictiveness Index,BEL,Belgium,Infrastructure and connectivity,Index: 1 = maximum restriction,0.08
2021,OECD Digital Services Trade Restrictiveness Index,BEL,Belgium,Infrastructure and connectivity,Index: 1 = maximum restriction,0.08
2018,OECD Digital Services Trade Restrictiveness Index,BEL,Belgium,Infrastructure and connectivity,Index: 1 = maximum restriction,0.08
2017,OECD Digital Services Trade Restrictiveness Index,BEL,Belgium,Infrastructure and connectivity,Index: 1 = maximum restriction,0.08
2016,OECD Digital Services Trade Restrictiveness Index,BEL,Belgium,Infrastructure and connectivity,Index: 1 = maximum restriction,0.08
2015,OECD Digital Services Trade Restrictiveness Index,BEL,Belgium,Infrastructure and connectivity,Index: 1 = maximum restriction,0.08
2014,OECD Digital Services Trade Restrictiveness Index,BEL,Belgium,Infrastructure and connectivity,Index: 1 = maximum restriction,0.08
2020,OECD Digital Services Trade Restrictiveness Index,BEL,Belgium,Infrastructure and connectivity,Index: 1 = maximum restriction,0.08
2019,OECD Digital Services Trade Restrictiveness Index,BEL,Belgium,Infrastructure and connectivity,Index: 1 = maximum restriction,0.08
2024,OECD Digital Services Trade Restrictiveness Index,BEL,Belgium,Indicator DSTRI,Index: 1 = maximum restriction,0.12
2023,OECD Digital Services Trade Restrictiveness Index,BEL,Belgium,Indicator DSTRI,Index: 1 = maximum restriction,0.12
2022,OECD Digital Services Trade Restrictiveness Index,BEL,Belgium,Indicator DSTRI,Index: 1 = maximum restriction,0.12
2021,OECD Digital Services Trade Restrictiveness Index,BEL,Belgium,Indicator DSTRI,Index: 1 = maximum restriction,0.12
2018,OECD Digital Services Trade Restrictiveness Index,BEL,Belgium,Indicator DSTRI,Index: 1 = maximum restriction,0.12
2017,OECD Digital Services Trade Restrictiveness Index,BEL,Belgium,Indicator DSTRI,Index: 1 = maximum restriction,0.1
2016,OECD Digital Services Trade Restrictiveness Index,BEL,Belgium,Indicator DSTRI,Index: 1 = maximum restriction,0.1
2015,OECD Digital Services Trade Restrictiveness Index,BEL,Belgium,Indicator DSTRI,Index: 1 = maximum restriction,0.1
2014,OECD Digital Services Trade Restrictiveness Index,BEL,Belgium,Indicator DSTRI,Index: 1 = maximum restriction,0.1
2020,OECD Digital Services Trade Restrictiveness Index,BEL,Belgium,Indicator DSTRI,Index: 1 = maximum restriction,0.12
2019,OECD Digital Services Trade Restrictiveness Index,BEL,Belgium,Indicator DSTRI,Index: 1 = maximum restriction,0.12
2024,OECD Digital Services Trade Restrictiveness Index,BEL,Belgium,Electronic transactions,Index: 1 = maximum restriction,0.02
2023,OECD Digital Services Trade Restrictiveness Index,BEL,Belgium,Electronic transactions,Index: 1 = maximum restriction,0.02
2022,OECD Digital Services Trade Restrictiveness Index,BEL,Belgium,Electronic transactions,Index: 1 = maximum restriction,0.02
2021,OECD Digital Services Trade Restrictiveness Index,BEL,Belgium,Electronic transactions,Index: 1 = maximum restriction,0.02
2018,OECD Digital Services Trade Restrictiveness Index,BEL,Belgium,Electronic transactions,Index: 1 = maximum restriction,0.02
2017,OECD Digital Services Trade Restrictiveness Index,BEL,Belgium,Electronic transactions,Index: 1 = maximum restriction,0.02
2016,OECD Digital Services Trade Restrictiveness Index,BEL,Belgium,Electronic transactions,Index: 1 = maximum restriction,0.02
2015,OECD Digital Services Trade Restrictiveness Index,BEL,Belgium,Electronic transactions,Index: 1 = maximum restriction,0.02
2014,OECD Digital Services Trade Restrictiveness Index,BEL,Belgium,Electronic transactions,Index: 1 = maximum restriction,0.02
2020,OECD Digital Services Trade Restrictiveness Index,BEL,Belgium,Electronic transactions,Index: 1 = maximum restriction,0.02
2019,OECD Digital Services Trade Restrictiveness Index,BEL,Belgium,Electronic transactions,Index: 1 = maximum restriction,0.02
2024,OECD Digital Services Trade Restrictiveness Index,BEL,Belgium,Other barriers affecting trade in digitally enabled services,Index: 1 = maximum restriction,0.02
2023,OECD Digital Services Trade Restrictiveness Index,BEL,Belgium,Other barriers affecting trade in digitally enabled services,Index: 1 = maximum restriction,0.02
2022,OECD Digital Services Trade Restrictiveness Index,BEL,Belgium,Other barriers affecting trade in digitally enabled services,Index: 1 = maximum restriction,0.02
2021,OECD Digital Services Trade Restrictiveness Index,BEL,Belgium,Other barriers affecting trade in digitally enabled services,Index: 1 = maximum restriction,0.02
2018,OECD Digital Services Trade Restrictiveness Index,BEL,Belgium,Other barriers affecting trade in digitally enabled services,Index: 1 = maximum restriction,0.02
2017,OECD Digital Services Trade Restrictiveness Index,BEL,Belgium,Other barriers affecting trade in digitally enabled services,Index: 1 = maximum restriction,0
2016,OECD Digital Services Trade Restrictiveness Index,BEL,Belgium,Other barriers affecting trade in digitally enabled services,Index: 1 = maximum restriction,0
2015,OECD Digital Services Trade Restrictiveness Index,BEL,Belgium,Other barriers affecting trade in digitally enabled services,Index: 1 = maximum restriction,0
2014,OECD Digital Services Trade Restrictiveness Index,BEL,Belgium,Other barriers affecting trade in digitally enabled services,Index: 1 = maximum restriction,0
2020,OECD Digital Services Trade Restrictiveness Index,BEL,Belgium,Other barriers affecting trade in digitally enabled services,Index: 1 = maximum restriction,0.02
2019,OECD Digital Services Trade Restrictiveness Index,BEL,Belgium,Other barriers affecting trade in digitally enabled services,Index: 1 = maximum restriction,0.02
2024,OECD Digital Services Trade Restrictiveness Index,BEL,Belgium,Payment system,Index: 1 = maximum restriction,0
2023,OECD Digital Services Trade Restrictiveness Index,BEL,Belgium,Payment system,Index: 1 = maximum restriction,0
2022,OECD Digital Services Trade Restrictiveness Index,BEL,Belgium,Payment system,Index: 1 = maximum restriction,0
2021,OECD Digital Services Trade Restrictiveness Index,BEL,Belgium,Payment system,Index: 1 = maximum restriction,0
2018,OECD Digital Services Trade Restrictiveness Index,BEL,Belgium,Payment system,Index: 1 = maximum restriction,0
2017,OECD Digital Services Trade Restrictiveness Index,BEL,Belgium,Payment system,Index: 1 = maximum restriction,0
2016,OECD Digital Services Trade Restrictiveness Index,BEL,Belgium,Payment system,Index: 1 = maximum restriction,0
2015,OECD Digital Services Trade Restrictiveness Index,BEL,Belgium,Payment system,Index: 1 = maximum restriction,0
2014,OECD Digital Services Trade Restrictiveness Index,BEL,Belgium,Payment system,Index: 1 = maximum restriction,0
2020,OECD Digital Services Trade Restrictiveness Index,BEL,Belgium,Payment system,Index: 1 = maximum restriction,0
2019,OECD Digital Services Trade Restrictiveness Index,BEL,Belgium,Payment system,Index: 1 = maximum restriction,0
2024,OECD Digital Services Trade Restrictiveness Index,BEL,Belgium,Intellectual property rights,Index: 1 = maximum restriction,0
2023,OECD Digital Services Trade Restrictiveness Index,BEL,Belgium,Intellectual property rights,Index: 1 = maximum restriction,0
2022,OECD Digital Services Trade Restrictiveness Index,BEL,Belgium,Intellectual property rights,Index: 1 = maximum restriction,0
2021,OECD Digital Services Trade Restrictiveness Index,BEL,Belgium,Intellectual property rights,Index: 1 = maximum restriction,0
2018,OECD Digital Services Trade Restrictiveness Index,BEL,Belgium,Intellectual property rights,Index: 1 = maximum restriction,0
2017,OECD Digital Services Trade Restrictiveness Index,BEL,Belgium,Intellectual property rights,Index: 1 = maximum restriction,0
2016,OECD Digital Services Trade Restrictiveness Index,BEL,Belgium,Intellectual property rights,Index: 1 = maximum restriction,0
2015,OECD Digital Services Trade Restrictiveness Index,BEL,Belgium,Intellectual property rights,Index: 1 = maximum restriction,0
2014,OECD Digital Services Trade Restrictiveness Index,BEL,Belgium,Intellectual property rights,Index: 1 = maximum restriction,0
2020,OECD Digital Services Trade Restrictiveness Index,BEL,Belgium,Intellectual property rights,Index: 1 = maximum restriction,0
2019,OECD Digital Services Trade Restrictiveness Index,BEL,Belgium,Intellectual property rights,Index: 1 = maximum restriction,0
2024,OECD Digital Services Trade Restrictiveness Index,CAN,Canada,Infrastructure and connectivity,Index: 1 = maximum restriction,0
2023,OECD Digital Services Trade Restrictiveness Index,CAN,Canada,Infrastructure and connectivity,Index: 1 = maximum restriction,0
2022,OECD Digital Services Trade Restrictiveness Index,CAN,Canada,Infrastructure and connectivity,Index: 1 = maximum restriction,0
2021,OECD Digital Services Trade Restrictiveness Index,CAN,Canada,Infrastructure and connectivity,Index: 1 = maximum restriction,0
2018,OECD Digital Services Trade Restrictiveness Index,CAN,Canada,Infrastructure and connectivity,Index: 1 = maximum restriction,0
2017,OECD Digital Services Trade Restrictiveness Index,CAN,Canada,Infrastructure and connectivity,Index: 1 = maximum restriction,0
2016,OECD Digital Services Trade Restrictiveness Index,CAN,Canada,Infrastructure and connectivity,Index: 1 = maximum restriction,0
2015,OECD Digital Services Trade Restrictiveness Index,CAN,Canada,Infrastructure and connectivity,Index: 1 = maximum restriction,0
2014,OECD Digital Services Trade Restrictiveness Index,CAN,Canada,Infrastructure and connectivity,Index: 1 = maximum restriction,0
2020,OECD Digital Services Trade Restrictiveness Index,CAN,Canada,Infrastructure and connectivity,Index: 1 = maximum restriction,0
2019,OECD Digital Services Trade Restrictiveness Index,CAN,Canada,Infrastructure and connectivity,Index: 1 = maximum restriction,0
2024,OECD Digital Services Trade Restrictiveness Index,CAN,Canada,Indicator DSTRI,Index: 1 = maximum restriction,0
2023,OECD Digital Services Trade Restrictiveness Index,CAN,Canada,Indicator DSTRI,Index: 1 = maximum restriction,0
2022,OECD Digital Services Trade Restrictiveness Index,CAN,Canada,Indicator DSTRI,Index: 1 = maximum restriction,0
2021,OECD Digital Services Trade Restrictiveness Index,CAN,Canada,Indicator DSTRI,Index: 1 = maximum restriction,0
2018,OECD Digital Services Trade Restrictiveness Index,CAN,Canada,Indicator DSTRI,Index: 1 = maximum restriction,0
2017,OECD Digital Services Trade Restrictiveness Index,CAN,Canada,Indicator DSTRI,Index: 1 = maximum restriction,0
2016,OECD Digital Services Trade Restrictiveness Index,CAN,Canada,Indicator DSTRI,Index: 1 = maximum restriction,0.02
2015,OECD Digital Services Trade Restrictiveness Index,CAN,Canada,Indicator DSTRI,Index: 1 = maximum restriction,0.02
2014,OECD Digital Services Trade Restrictiveness Index,CAN,Canada,Indicator DSTRI,Index: 1 = maximum restriction,0.02
2020,OECD Digital Services Trade Restrictiveness Index,CAN,Canada,Indicator DSTRI,Index: 1 = maximum restriction,0
2019,OECD Digital Services Trade Restrictiveness Index,CAN,Canada,Indicator DSTRI,Index: 1 = maximum restriction,0
2024,OECD Digital Services Trade Restrictiveness Index,CAN,Canada,Electronic transactions,Index: 1 = maximum restriction,0
2023,OECD Digital Services Trade Restrictiveness Index,CAN,Canada,Electronic transactions,Index: 1 = maximum restriction,0
2022,OECD Digital Services Trade Restrictiveness Index,CAN,Canada,Electronic transactions,Index: 1 = maximum restriction,0
2021,OECD Digital Services Trade Restrictiveness Index,CAN,Canada,Electronic transactions,Index: 1 = maximum restriction,0
2018,OECD Digital Services Trade Restrictiveness Index,CAN,Canada,Electronic transactions,Index: 1 = maximum restriction,0
2017,OECD Digital Services Trade Restrictiveness Index,CAN,Canada,Electronic transactions,Index: 1 = maximum restriction,0
2016,OECD Digital Services Trade Restrictiveness Index,CAN,Canada,Electronic transactions,Index: 1 = maximum restriction,0.02
2015,OECD Digital Services Trade Restrictiveness Index,CAN,Canada,Electronic transactions,Index: 1 = maximum restriction,0.02
2014,OECD Digital Services Trade Restrictiveness Index,CAN,Canada,Electronic transactions,Index: 1 = maximum restriction,0.02
2020,OECD Digital Services Trade Restrictiveness Index,CAN,Canada,Electronic transactions,Index: 1 = maximum restriction,0
2019,OECD Digital Services Trade Restrictiveness Index,CAN,Canada,Electronic transactions,Index: 1 = maximum restriction,0
2024,OECD Digital Services Trade Restrictiveness Index,CAN,Canada,Other barriers affecting trade in digitally enabled services,Index: 1 = maximum restriction,0
2023,OECD Digital Services Trade Restrictiveness Index,CAN,Canada,Other barriers affecting trade in digitally enabled services,Index: 1 = maximum restriction,0
2022,OECD Digital Services Trade Restrictiveness Index,CAN,Canada,Other barriers affecting trade in digitally enabled services,Index: 1 = maximum restriction,0
2021,OECD Digital Services Trade Restrictiveness Index,CAN,Canada,Other barriers affecting trade in digitally enabled services,Index: 1 = maximum restriction,0
2018,OECD Digital Services Trade Restrictiveness Index,CAN,Canada,Other barriers affecting trade in digitally enabled services,Index: 1 = maximum restriction,0
2017,OECD Digital Services Trade Restrictiveness Index,CAN,Canada,Other barriers affecting trade in digitally enabled services,Index: 1 = maximum restriction,0
2016,OECD Digital Services Trade Restrictiveness Index,CAN,Canada,Other barriers affecting trade in digitally enabled services,Index: 1 = maximum restriction,0
2015,OECD Digital Services Trade Restrictiveness Index,CAN,Canada,Other barriers affecting trade in digitally enabled services,Index: 1 = maximum restriction,0
2014,OECD Digital Services Trade Restrictiveness Index,CAN,Canada,Other barriers affecting trade in digitally enabled services,Index: 1 = maximum restriction,0
2020,OECD Digital Services Trade Restrictiveness Index,CAN,Canada,Other barriers affecting trade in digitally enabled services,Index: 1 = maximum restriction,0
2019,OECD Digital Services Trade Restrictiveness Index,CAN,Canada,Other barriers affecting trade in digitally enabled services,Index: 1 = maximum restriction,0
2024,OECD Digital Services Trade Restrictiveness Index,CAN,Canada,Payment system,Index: 1 = maximum restriction,0
2023,OECD Digital Services Trade Restrictiveness Index,CAN,Canada,Payment system,Index: 1 = maximum restriction,0
2022,OECD Digital Services Trade Restrictiveness Index,CAN,Canada,Payment system,Index: 1 = maximum restriction,0
2021,OECD Digital Services Trade Restrictiveness Index,CAN,Canada,Payment system,Index: 1 = maximum restriction,0
2018,OECD Digital Services Trade Restrictiveness Index,CAN,Canada,Payment system,Index: 1 = maximum restriction,0
2017,OECD Digital Services Trade Restrictiveness Index,CAN,Canada,Payment system,Index: 1 = maximum restriction,0
2016,OECD Digital Services Trade Restrictiveness Index,CAN,Canada,Payment system,Index: 1 = maximum restriction,0
2015,OECD Digital Services Trade Restrictiveness Index,CAN,Canada,Payment system,Index: 1 = maximum restriction,0
2014,OECD Digital Services Trade Restrictiveness Index,CAN,Canada,Payment system,Index: 1 = maximum restriction,0
2020,OECD Digital Services Trade Restrictiveness Index,CAN,Canada,Payment system,Index: 1 = maximum restriction,0
2019,OECD Digital Services Trade Restrictiveness Index,CAN,Canada,Payment system,Index: 1 = maximum restriction,0
2024,OECD Digital Services Trade Restrictiveness Index,CAN,Canada,Intellectual property rights,Index: 1 = maximum restriction,0
2023,OECD Digital Services Trade Restrictiveness Index,CAN,Canada,Intellectual property rights,Index: 1 = maximum restriction,0
2022,OECD Digital Services Trade Restrictiveness Index,CAN,Canada,Intellectual property rights,Index: 1 = maximum restriction,0
2021,OECD Digital Services Trade Restrictiveness Index,CAN,Canada,Intellectual property rights,Index: 1 = maximum restriction,0
2018,OECD Digital Services Trade Restrictiveness Index,CAN,Canada,Intellectual property rights,Index: 1 = maximum restriction,0
2017,OECD Digital Services Trade Restrictiveness Index,CAN,Canada,Intellectual property rights,Index: 1 = maximum restriction,0
2016,OECD Digital Services Trade Restrictiveness Index,CAN,Canada,Intellectual property rights,Index: 1 = maximum restriction,0
2015,OECD Digital Services Trade Restrictiveness Index,CAN,Canada,Intellectual property rights,Index: 1 = maximum restriction,0
2014,OECD Digital Services Trade Restrictiveness Index,CAN,Canada,Intellectual property rights,Index: 1 = maximum restriction,0
2020,OECD Digital Services Trade Restrictiveness Index,CAN,Canada,Intellectual property rights,Index: 1 = maximum restriction,0
2019,OECD Digital Services Trade Restrictiveness Index,CAN,Canada,Intellectual property rights,Index: 1 = maximum restriction,0
2024,OECD Digital Services Trade Restrictiveness Index,CHL,Chile,Infrastructure and connectivity,Index: 1 = maximum restriction,0.2
2023,OECD Digital Services Trade Restrictiveness Index,CHL,Chile,Infrastructure and connectivity,Index: 1 = maximum restriction,0.2
2022,OECD Digital Services Trade Restrictiveness Index,CHL,Chile,Infrastructure and connectivity,Index: 1 = maximum restriction,0.2
2021,OECD Digital Services Trade Restrictiveness Index,CHL,Chile,Infrastructure and connectivity,Index: 1 = maximum restriction,0.2
2018,OECD Digital Services Trade Restrictiveness Index,CHL,Chile,Infrastructure and connectivity,Index: 1 = maximum restriction,0.2
2017,OECD Digital Services Trade Restrictiveness Index,CHL,Chile,Infrastructure and connectivity,Index: 1 = maximum restriction,0.2
2016,OECD Digital Services Trade Restrictiveness Index,CHL,Chile,Infrastructure and connectivity,Index: 1 = maximum restriction,0.2
2015,OECD Digital Services Trade Restrictiveness Index,CHL,Chile,Infrastructure and connectivity,Index: 1 = maximum restriction,0.2
2014,OECD Digital Services Trade Restrictiveness Index,CHL,Chile,Infrastructure and connectivity,Index: 1 = maximum restriction,0.2
2020,OECD Digital Services Trade Restrictiveness Index,CHL,Chile,Infrastructure and connectivity,Index: 1 = maximum restriction,0.2
2019,OECD Digital Services Trade Restrictiveness Index,CHL,Chile,Infrastructure and connectivity,Index: 1 = maximum restriction,0.2
2024,OECD Digital Services Trade Restrictiveness Index,CHL,Chile,Indicator DSTRI,Index: 1 = maximum restriction,0.26
2023,OECD Digital Services Trade Restrictiveness Index,CHL,Chile,Indicator DSTRI,Index: 1 = maximum restriction,0.26
2022,OECD Digital Services Trade Restrictiveness Index,CHL,Chile,Indicator DSTRI,Index: 1 = maximum restriction,0.26
2021,OECD Digital Services Trade Restrictiveness Index,CHL,Chile,Indicator DSTRI,Index: 1 = maximum restriction,0.26
2018,OECD Digital Services Trade Restrictiveness Index,CHL,Chile,Indicator DSTRI,Index: 1 = maximum restriction,0.26
2017,OECD Digital Services Trade Restrictiveness Index,CHL,Chile,Indicator DSTRI,Index: 1 = maximum restriction,0.26
2016,OECD Digital Services Trade Restrictiveness Index,CHL,Chile,Indicator DSTRI,Index: 1 = maximum restriction,0.26
2015,OECD Digital Services Trade Restrictiveness Index,CHL,Chile,Indicator DSTRI,Index: 1 = maximum restriction,0.26
2014,OECD Digital Services Trade Restrictiveness Index,CHL,Chile,Indicator DSTRI,Index: 1 = maximum restriction,0.26
2020,OECD Digital Services Trade Restrictiveness Index,CHL,Chile,Indicator DSTRI,Index: 1 = maximum restriction,0.26
2019,OECD Digital Services Trade Restrictiveness Index,CHL,Chile,Indicator DSTRI,Index: 1 = maximum restriction,0.26
2024,OECD Digital Services Trade Restrictiveness Index,CHL,Chile,Electronic transactions,Index: 1 = maximum restriction,0.04
2023,OECD Digital Services Trade Restrictiveness Index,CHL,Chile,Electronic transactions,Index: 1 = maximum restriction,0.04
2022,OECD Digital Services Trade Restrictiveness Index,CHL,Chile,Electronic transactions,Index: 1 = maximum restriction,0.04
2021,OECD Digital Services Trade Restrictiveness Index,CHL,Chile,Electronic transactions,Index: 1 = maximum restriction,0.04
2018,OECD Digital Services Trade Restrictiveness Index,CHL,Chile,Electronic transactions,Index: 1 = maximum restriction,0.04
2017,OECD Digital Services Trade Restrictiveness Index,CHL,Chile,Electronic transactions,Index: 1 = maximum restriction,0.04
2016,OECD Digital Services Trade Restrictiveness Index,CHL,Chile,Electronic transactions,Index: 1 = maximum restriction,0.04
2015,OECD Digital Services Trade Restrictiveness Index,CHL,Chile,Electronic transactions,Index: 1 = maximum restriction,0.04
2014,OECD Digital Services Trade Restrictiveness Index,CHL,Chile,Electronic transactions,Index: 1 = maximum restriction,0.04
2020,OECD Digital Services Trade Restrictiveness Index,CHL,Chile,Electronic transactions,Index: 1 = maximum restriction,0.04
2019,OECD Digital Services Trade Restrictiveness Index,CHL,Chile,Electronic transactions,Index: 1 = maximum restriction,0.04
2024,OECD Digital Services Trade Restrictiveness Index,CHL,Chile,Other barriers affecting trade in digitally enabled services,Index: 1 = maximum restriction,0
2023,OECD Digital Services Trade Restrictiveness Index,CHL,Chile,Other barriers affecting trade in digitally enabled services,Index: 1 = maximum restriction,0
2022,OECD Digital Services Trade Restrictiveness Index,CHL,Chile,Other barriers affecting trade in digitally enabled services,Index: 1 = maximum restriction,0
2021,OECD Digital Services Trade Restrictiveness Index,CHL,Chile,Other barriers affecting trade in digitally enabled services,Index: 1 = maximum restriction,0
2018,OECD Digital Services Trade Restrictiveness Index,CHL,Chile,Other barriers affecting trade in digitally enabled services,Index: 1 = maximum restriction,0
2017,OECD Digital Services Trade Restrictiveness Index,CHL,Chile,Other barriers affecting trade in digitally enabled services,Index: 1 = maximum restriction,0
2016,OECD Digital Services Trade Restrictiveness Index,CHL,Chile,Other barriers affecting trade in digitally enabled services,Index: 1 = maximum restriction,0
2015,OECD Digital Services Trade Restrictiveness Index,CHL,Chile,Other barriers affecting trade in digitally enabled services,Index: 1 = maximum restriction,0
2014,OECD Digital Services Trade Restrictiveness Index,CHL,Chile,Other barriers affecting trade in digitally enabled services,Index: 1 = maximum restriction,0
2020,OECD Digital Services Trade Restrictiveness Index,CHL,Chile,Other barriers affecting trade in digitally enabled services,Index: 1 = maximum restriction,0
2019,OECD Digital Services Trade Restrictiveness Index,CHL,Chile,Other barriers affecting trade in digitally enabled services,Index: 1 = maximum restriction,0
2024,OECD Digital Services Trade Restrictiveness Index,CHL,Chile,Payment system,Index: 1 = maximum restriction,0
2023,OECD Digital Services Trade Restrictiveness Index,CHL,Chile,Payment system,Index: 1 = maximum restriction,0
2022,OECD Digital Services Trade Restrictiveness Index,CHL,Chile,Payment system,Index: 1 = maximum restriction,0
2021,OECD Digital Services Trade Restrictiveness Index,CHL,Chile,Payment system,Index: 1 = maximum restriction,0
2018,OECD Digital Services Trade Restrictiveness Index,CHL,Chile,Payment system,Index: 1 = maximum restriction,0
2017,OECD Digital Services Trade Restrictiveness Index,CHL,Chile,Payment system,Index: 1 = maximum restriction,0
2016,OECD Digital Services Trade Restrictiveness Index,CHL,Chile,Payment system,Index: 1 = maximum restriction,0
2015,OECD Digital Services Trade Restrictiveness Index,CHL,Chile,Payment system,Index: 1 = maximum restriction,0
2014,OECD Digital Services Trade Restrictiveness Index,CHL,Chile,Payment system,Index: 1 = maximum restriction,0
2020,OECD Digital Services Trade Restrictiveness Index,CHL,Chile,Payment system,Index: 1 = maximum restriction,0
2019,OECD Digital Services Trade Restrictiveness Index,CHL,Chile,Payment system,Index: 1 = maximum restriction,0
2024,OECD Digital Services Trade Restrictiveness Index,CHL,Chile,Intellectual property rights,Index: 1 = maximum restriction,0.02
2023,OECD Digital Services Trade Restrictiveness Index,CHL,Chile,Intellectual property rights,Index: 1 = maximum restriction,0.02
2022,OECD Digital Services Trade Restrictiveness Index,CHL,Chile,Intellectual property rights,Index: 1 = maximum restriction,0.02
2021,OECD Digital Services Trade Restrictiveness Index,CHL,Chile,Intellectual property rights,Index: 1 = maximum restriction,0.02
2018,OECD Digital Services Trade Restrictiveness Index,CHL,Chile,Intellectual property rights,Index: 1 = maximum restriction,0.02
2017,OECD Digital Services Trade Restrictiveness Index,CHL,Chile,Intellectual property rights,Index: 1 = maximum restriction,0.02
2016,OECD Digital Services Trade Restrictiveness Index,CHL,Chile,Intellectual property rights,Index: 1 = maximum restriction,0.02
2015,OECD Digital Services Trade Restrictiveness Index,CHL,Chile,Intellectual property rights,Index: 1 = maximum restriction,0.02
2014,OECD Digital Services Trade Restrictiveness Index,CHL,Chile,Intellectual property rights,Index: 1 = maximum restriction,0.02
2020,OECD Digital Services Trade Restrictiveness Index,CHL,Chile,Intellectual property rights,Index: 1 = maximum restriction,0.02
2019,OECD Digital Services Trade Restrictiveness Index,CHL,Chile,Intellectual property rights,Index: 1 = maximum restriction,0.02
2024,OECD Digital Services Trade Restrictiveness Index,COL,Colombia,Infrastructure and connectivity,Index: 1 = maximum restriction,0.24
2023,OECD Digital Services Trade Restrictiveness Index,COL,Colombia,Infrastructure and connectivity,Index: 1 = maximum restriction,0.24
2022,OECD Digital Services Trade Restrictiveness Index,COL,Colombia,Infrastructure and connectivity,Index: 1 = maximum restriction,0.24
2021,OECD Digital Services Trade Restrictiveness Index,COL,Colombia,Infrastructure and connectivity,Index: 1 = maximum restriction,0.24
2018,OECD Digital Services Trade Restrictiveness Index,COL,Colombia,Infrastructure and connectivity,Index: 1 = maximum restriction,0.24
2017,OECD Digital Services Trade Restrictiveness Index,COL,Colombia,Infrastructure and connectivity,Index: 1 = maximum restriction,0.24
2016,OECD Digital Services Trade Restrictiveness Index,COL,Colombia,Infrastructure and connectivity,Index: 1 = maximum restriction,0.24
2015,OECD Digital Services Trade Restrictiveness Index,COL,Colombia,Infrastructure and connectivity,Index: 1 = maximum restriction,0.24
2014,OECD Digital Services Trade Restrictiveness Index,COL,Colombia,Infrastructure and connectivity,Index: 1 = maximum restriction,0.24
2020,OECD Digital Services Trade Restrictiveness Index,COL,Colombia,Infrastructure and connectivity,Index: 1 = maximum restriction,0.24
2019,OECD Digital Services Trade Restrictiveness Index,COL,Colombia,Infrastructure and connectivity,Index: 1 = maximum restriction,0.24
2024,OECD Digital Services Trade Restrictiveness Index,COL,Colombia,Indicator DSTRI,Index: 1 = maximum restriction,0.28
2023,OECD Digital Services Trade Restrictiveness Index,COL,Colombia,Indicator DSTRI,Index: 1 = maximum restriction,0.26
2022,OECD Digital Services Trade Restrictiveness Index,COL,Colombia,Indicator DSTRI,Index: 1 = maximum restriction,0.26
2021,OECD Digital Services Trade Restrictiveness Index,COL,Colombia,Indicator DSTRI,Index: 1 = maximum restriction,0.26
2018,OECD Digital Services Trade Restrictiveness Index,COL,Colombia,Indicator DSTRI,Index: 1 = maximum restriction,0.26
2017,OECD Digital Services Trade Restrictiveness Index,COL,Colombia,Indicator DSTRI,Index: 1 = maximum restriction,0.26
2016,OECD Digital Services Trade Restrictiveness Index,COL,Colombia,Indicator DSTRI,Index: 1 = maximum restriction,0.26
2015,OECD Digital Services Trade Restrictiveness Index,COL,Colombia,Indicator DSTRI,Index: 1 = maximum restriction,0.26
2014,OECD Digital Services Trade Restrictiveness Index,COL,Colombia,Indicator DSTRI,Index: 1 = maximum restriction,0.26
2020,OECD Digital Services Trade Restrictiveness Index,COL,Colombia,Indicator DSTRI,Index: 1 = maximum restriction,0.26
2019,OECD Digital Services Trade Restrictiveness Index,COL,Colombia,Indicator DSTRI,Index: 1 = maximum restriction,0.26
2024,OECD Digital Services Trade Restrictiveness Index,COL,Colombia,Electronic transactions,Index: 1 = maximum restriction,0.02
2023,OECD Digital Services Trade Restrictiveness Index,COL,Colombia,Electronic transactions,Index: 1 = maximum restriction,0.02
2022,OECD Digital Services Trade Restrictiveness Index,COL,Colombia,Electronic transactions,Index: 1 = maximum restriction,0.02
2021,OECD Digital Services Trade Restrictiveness Index,COL,Colombia,Electronic transactions,Index: 1 = maximum restriction,0.02
2018,OECD Digital Services Trade Restrictiveness Index,COL,Colombia,Electronic transactions,Index: 1 = maximum restriction,0.02
2017,OECD Digital Services Trade Restrictiveness Index,COL,Colombia,Electronic transactions,Index: 1 = maximum restriction,0.02
2016,OECD Digital Services Trade Restrictiveness Index,COL,Colombia,Electronic transactions,Index: 1 = maximum restriction,0.02
2015,OECD Digital Services Trade Restrictiveness Index,COL,Colombia,Electronic transactions,Index: 1 = maximum restriction,0.02
2014,OECD Digital Services Trade Restrictiveness Index,COL,Colombia,Electronic transactions,Index: 1 = maximum restriction,0.02
2020,OECD Digital Services Trade Restrictiveness Index,COL,Colombia,Electronic transactions,Index: 1 = maximum restriction,0.02
2019,OECD Digital Services Trade Restrictiveness Index,COL,Colombia,Electronic transactions,Index: 1 = maximum restriction,0.02
2024,OECD Digital Services Trade Restrictiveness Index,COL,Colombia,Other barriers affecting trade in digitally enabled services,Index: 1 = maximum restriction,0.02
2023,OECD Digital Services Trade Restrictiveness Index,COL,Colombia,Other barriers affecting trade in digitally enabled services,Index: 1 = maximum restriction,0
2022,OECD Digital Services Trade Restrictiveness Index,COL,Colombia,Other barriers affecting trade in digitally enabled services,Index: 1 = maximum restriction,0
2021,OECD Digital Services Trade Restrictiveness Index,COL,Colombia,Other barriers affecting trade in digitally enabled services,Index: 1 = maximum restriction,0
2018,OECD Digital Services Trade Restrictiveness Index,COL,Colombia,Other barriers affecting trade in digitally enabled services,Index: 1 = maximum restriction,0
2017,OECD Digital Services Trade Restrictiveness Index,COL,Colombia,Other barriers affecting trade in digitally enabled services,Index: 1 = maximum restriction,0
2016,OECD Digital Services Trade Restrictiveness Index,COL,Colombia,Other barriers affecting trade in digitally enabled services,Index: 1 = maximum restriction,0
2015,OECD Digital Services Trade Restrictiveness Index,COL,Colombia,Other barriers affecting trade in digitally enabled services,Index: 1 = maximum restriction,0
2014,OECD Digital Services Trade Restrictiveness Index,COL,Colombia,Other barriers affecting trade in digitally enabled services,Index: 1 = maximum restriction,0
2020,OECD Digital Services Trade Restrictiveness Index,COL,Colombia,Other barriers affecting trade in digitally enabled services,Index: 1 = maximum restriction,0
2019,OECD Digital Services Trade Restrictiveness Index,COL,Colombia,Other barriers affecting trade in digitally enabled services,Index: 1 = maximum restriction,0
2024,OECD Digital Services Trade Restrictiveness Index,COL,Colombia,Payment system,Index: 1 = maximum restriction,0
2023,OECD Digital Services Trade Restrictiveness Index,COL,Colombia,Payment system,Index: 1 = maximum restriction,0
2022,OECD Digital Services Trade Restrictiveness Index,COL,Colombia,Payment system,Index: 1 = maximum restriction,0
2021,OECD Digital Services Trade Restrictiveness Index,COL,Colombia,Payment system,Index: 1 = maximum restriction,0
2018,OECD Digital Services Trade Restrictiveness Index,COL,Colombia,Payment system,Index: 1 = maximum restriction,0
2017,OECD Digital Services Trade Restrictiveness Index,COL,Colombia,Payment system,Index: 1 = maximum restriction,0
2016,OECD Digital Services Trade Restrictiveness Index,COL,Colombia,Payment system,Index: 1 = maximum restriction,0
2015,OECD Digital Services Trade Restrictiveness Index,COL,Colombia,Payment system,Index: 1 = maximum restriction,0
2014,OECD Digital Services Trade Restrictiveness Index,COL,Colombia,Payment system,Index: 1 = maximum restriction,0
2020,OECD Digital Services Trade Restrictiveness Index,COL,Colombia,Payment system,Index: 1 = maximum restriction,0
2019,OECD Digital Services Trade Restrictiveness Index,COL,Colombia,Payment system,Index: 1 = maximum restriction,0
2024,OECD Digital Services Trade Restrictiveness Index,COL,Colombia,Intellectual property rights,Index: 1 = maximum restriction,0
2023,OECD Digital Services Trade Restrictiveness Index,COL,Colombia,Intellectual property rights,Index: 1 = maximum restriction,0
2022,OECD Digital Services Trade Restrictiveness Index,COL,Colombia,Intellectual property rights,Index: 1 = maximum restriction,0
2021,OECD Digital Services Trade Restrictiveness Index,COL,Colombia,Intellectual property rights,Index: 1 = maximum restriction,0
2018,OECD Digital Services Trade Restrictiveness Index,COL,Colombia,Intellectual property rights,Index: 1 = maximum restriction,0
2017,OECD Digital Services Trade Restrictiveness Index,COL,Colombia,Intellectual property rights,Index: 1 = maximum restriction,0
2016,OECD Digital Services Trade Restrictiveness Index,COL,Colombia,Intellectual property rights,Index: 1 = maximum restriction,0
2015,OECD Digital Services Trade Restrictiveness Index,COL,Colombia,Intellectual property rights,Index: 1 = maximum restriction,0
2014,OECD Digital Services Trade Restrictiveness Index,COL,Colombia,Intellectual property rights,Index: 1 = maximum restriction,0
2020,OECD Digital Services Trade Restrictiveness Index,COL,Colombia,Intellectual property rights,Index: 1 = maximum restriction,0
2019,OECD Digital Services Trade Restrictiveness Index,COL,Colombia,Intellectual property rights,Index: 1 = maximum restriction,0
2024,OECD Digital Services Trade Restrictiveness Index,CRI,Costa Rica,Infrastructure and connectivity,Index: 1 = maximum restriction,0
2023,OECD Digital Services Trade Restrictiveness Index,CRI,Costa Rica,Infrastructure and connectivity,Index: 1 = maximum restriction,0
2022,OECD Digital Services Trade Restrictiveness Index,CRI,Costa Rica,Infrastructure and connectivity,Index: 1 = maximum restriction,0
2021,OECD Digital Services Trade Restrictiveness Index,CRI,Costa Rica,Infrastructure and connectivity,Index: 1 = maximum restriction,0
2018,OECD Digital Services Trade Restrictiveness Index,CRI,Costa Rica,Infrastructure and connectivity,Index: 1 = maximum restriction,0
2017,OECD Digital Services Trade Restrictiveness Index,CRI,Costa Rica,Infrastructure and connectivity,Index: 1 = maximum restriction,0
2016,OECD Digital Services Trade Restrictiveness Index,CRI,Costa Rica,Infrastructure and connectivity,Index: 1 = maximum restriction,0
2015,OECD Digital Services Trade Restrictiveness Index,CRI,Costa Rica,Infrastructure and connectivity,Index: 1 = maximum restriction,0
2014,OECD Digital Services Trade Restrictiveness Index,CRI,Costa Rica,Infrastructure and connectivity,Index: 1 = maximum restriction,0
2020,OECD Digital Services Trade Restrictiveness Index,CRI,Costa Rica,Infrastructure and connectivity,Index: 1 = maximum restriction,0
2019,OECD Digital Services Trade Restrictiveness Index,CRI,Costa Rica,Infrastructure and connectivity,Index: 1 = maximum restriction,0
2024,OECD Digital Services Trade Restrictiveness Index,CRI,Costa Rica,Indicator DSTRI,Index: 1 = maximum restriction,0.04
2023,OECD Digital Services Trade Restrictiveness Index,CRI,Costa Rica,Indicator DSTRI,Index: 1 = maximum restriction,0.04
2022,OECD Digital Services Trade Restrictiveness Index,CRI,Costa Rica,Indicator DSTRI,Index: 1 = maximum restriction,0.04
2021,OECD Digital Services Trade Restrictiveness Index,CRI,Costa Rica,Indicator DSTRI,Index: 1 = maximum restriction,0.04
2018,OECD Digital Services Trade Restrictiveness Index,CRI,Costa Rica,Indicator DSTRI,Index: 1 = maximum restriction,0.04
2017,OECD Digital Services Trade Restrictiveness Index,CRI,Costa Rica,Indicator DSTRI,Index: 1 = maximum restriction,0.04
2016,OECD Digital Services Trade Restrictiveness Index,CRI,Costa Rica,Indicator DSTRI,Index: 1 = maximum restriction,0.04
2015,OECD Digital Services Trade Restrictiveness Index,CRI,Costa Rica,Indicator DSTRI,Index: 1 = maximum restriction,0.04
2014,OECD Digital Services Trade Restrictiveness Index,CRI,Costa Rica,Indicator DSTRI,Index: 1 = maximum restriction,0.04
2020,OECD Digital Services Trade Restrictiveness Index,CRI,Costa Rica,Indicator DSTRI,Index: 1 = maximum restriction,0.04
2019,OECD Digital Services Trade Restrictiveness Index,CRI,Costa Rica,Indicator DSTRI,Index: 1 = maximum restriction,0.04
2024,OECD Digital Services Trade Restrictiveness Index,CRI,Costa Rica,Electronic transactions,Index: 1 = maximum restriction,0.04
2023,OECD Digital Services Trade Restrictiveness Index,CRI,Costa Rica,Electronic transactions,Index: 1 = maximum restriction,0.04
2022,OECD Digital Services Trade Restrictiveness Index,CRI,Costa Rica,Electronic transactions,Index: 1 = maximum restriction,0.04
2021,OECD Digital Services Trade Restrictiveness Index,CRI,Costa Rica,Electronic transactions,Index: 1 = maximum restriction,0.04
2018,OECD Digital Services Trade Restrictiveness Index,CRI,Costa Rica,Electronic transactions,Index: 1 = maximum restriction,0.04
2017,OECD Digital Services Trade Restrictiveness Index,CRI,Costa Rica,Electronic transactions,Index: 1 = maximum restriction,0.04
2016,OECD Digital Services Trade Restrictiveness Index,CRI,Costa Rica,Electronic transactions,Index: 1 = maximum restriction,0.04
2015,OECD Digital Services Trade Restrictiveness Index,CRI,Costa Rica,Electronic transactions,Index: 1 = maximum restriction,0.04
2014,OECD Digital Services Trade Restrictiveness Index,CRI,Costa Rica,Electronic transactions,Index: 1 = maximum restriction,0.04
2020,OECD Digital Services Trade Restrictiveness Index,CRI,Costa Rica,Electronic transactions,Index: 1 = maximum restriction,0.04
2019,OECD Digital Services Trade Restrictiveness Index,CRI,Costa Rica,Electronic transactions,Index: 1 = maximum restriction,0.04
2024,OECD Digital Services Trade Restrictiveness Index,CRI,Costa Rica,Other barriers affecting trade in digitally enabled services,Index: 1 = maximum restriction,0
2023,OECD Digital Services Trade Restrictiveness Index,CRI,Costa Rica,Other barriers affecting trade in digitally enabled services,Index: 1 = maximum restriction,0
2022,OECD Digital Services Trade Restrictiveness Index,CRI,Costa Rica,Other barriers affecting trade in digitally enabled services,Index: 1 = maximum restriction,0
2021,OECD Digital Services Trade Restrictiveness Index,CRI,Costa Rica,Other barriers affecting trade in digitally enabled services,Index: 1 = maximum restriction,0
2018,OECD Digital Services Trade Restrictiveness Index,CRI,Costa Rica,Other barriers affecting trade in digitally enabled services,Index: 1 = maximum restriction,0
2017,OECD Digital Services Trade Restrictiveness Index,CRI,Costa Rica,Other barriers affecting trade in digitally enabled services,Index: 1 = maximum restriction,0
2016,OECD Digital Services Trade Restrictiveness Index,CRI,Costa Rica,Other barriers affecting trade in digitally enabled services,Index: 1 = maximum restriction,0
2015,OECD Digital Services Trade Restrictiveness Index,CRI,Costa Rica,Other barriers affecting trade in digitally enabled services,Index: 1 = maximum restriction,0
2014,OECD Digital Services Trade Restrictiveness Index,CRI,Costa Rica,Other barriers affecting trade in digitally enabled services,Index: 1 = maximum restriction,0
2020,OECD Digital Services Trade Restrictiveness Index,CRI,Costa Rica,Other barriers affecting trade in digitally enabled services,Index: 1 = maximum restriction,0
2019,OECD Digital Services Trade Restrictiveness Index,CRI,Costa Rica,Other barriers affecting trade in digitally enabled services,Index: 1 = maximum restriction,0
2024,OECD Digital Services Trade Restrictiveness Index,CRI,Costa Rica,Payment system,Index: 1 = maximum restriction,0
2023,OECD Digital Services Trade Restrictiveness Index,CRI,Costa Rica,Payment system,Index: 1 = maximum restriction,0
2022,OECD Digital Services Trade Restrictiveness Index,CRI,Costa Rica,Payment system,Index: 1 = maximum restriction,0
2021,OECD Digital Services Trade Restrictiveness Index,CRI,Costa Rica,Payment system,Index: 1 = maximum restriction,0
2018,OECD Digital Services Trade Restrictiveness Index,CRI,Costa Rica,Payment system,Index: 1 = maximum restriction,0
2017,OECD Digital Services Trade Restrictiveness Index,CRI,Costa Rica,Payment system,Index: 1 = maximum restriction,0
2016,OECD Digital Services Trade Restrictiveness Index,CRI,Costa Rica,Payment system,Index: 1 = maximum restriction,0
2015,OECD Digital Services Trade Restrictiveness Index,CRI,Costa Rica,Payment system,Index: 1 = maximum restriction,0
2014,OECD Digital Services Trade Restrictiveness Index,CRI,Costa Rica,Payment system,Index: 1 = maximum restriction,0
2020,OECD Digital Services Trade Restrictiveness Index,CRI,Costa Rica,Payment system,Index: 1 = maximum restriction,0
2019,OECD Digital Services Trade Restrictiveness Index,CRI,Costa Rica,Payment system,Index: 1 = maximum restriction,0
2024,OECD Digital Services Trade Restrictiveness Index,CRI,Costa Rica,Intellectual property rights,Index: 1 = maximum restriction,0
2023,OECD Digital Services Trade Restrictiveness Index,CRI,Costa Rica,Intellectual property rights,Index: 1 = maximum restriction,0
2022,OECD Digital Services Trade Restrictiveness Index,CRI,Costa Rica,Intellectual property rights,Index: 1 = maximum restriction,0
2021,OECD Digital Services Trade Restrictiveness Index,CRI,Costa Rica,Intellectual property rights,Index: 1 = maximum restriction,0
2018,OECD Digital Services Trade Restrictiveness Index,CRI,Costa Rica,Intellectual property rights,Index: 1 = maximum restriction,0
2017,OECD Digital Services Trade Restrictiveness Index,CRI,Costa Rica,Intellectual property rights,Index: 1 = maximum restriction,0
2016,OECD Digital Services Trade Restrictiveness Index,CRI,Costa Rica,Intellectual property rights,Index: 1 = maximum restriction,0
2015,OECD Digital Services Trade Restrictiveness Index,CRI,Costa Rica,Intellectual property rights,Index: 1 = maximum restriction,0
2014,OECD Digital Services Trade Restrictiveness Index,CRI,Costa Rica,Intellectual property rights,Index: 1 = maximum restriction,0
2020,OECD Digital Services Trade Restrictiveness Index,CRI,Costa Rica,Intellectual property rights,Index: 1 = maximum restriction,0
2019,OECD Digital Services Trade Restrictiveness Index,CRI,Costa Rica,Intellectual property rights,Index: 1 = maximum restriction,0
2024,OECD Digital Services Trade Restrictiveness Index,CZE,Czechia,Infrastructure and connectivity,Index: 1 = maximum restriction,0.04
2023,OECD Digital Services Trade Restrictiveness Index,CZE,Czechia,Infrastructure and connectivity,Index: 1 = maximum restriction,0.04
2022,OECD Digital Services Trade Restrictiveness Index,CZE,Czechia,Infrastructure and connectivity,Index: 1 = maximum restriction,0.04
2021,OECD Digital Services Trade Restrictiveness Index,CZE,Czechia,Infrastructure and connectivity,Index: 1 = maximum restriction,0.04
2018,OECD Digital Services Trade Restrictiveness Index,CZE,Czechia,Infrastructure and connectivity,Index: 1 = maximum restriction,0.04
2017,OECD Digital Services Trade Restrictiveness Index,CZE,Czechia,Infrastructure and connectivity,Index: 1 = maximum restriction,0.04
2016,OECD Digital Services Trade Restrictiveness Index,CZE,Czechia,Infrastructure and connectivity,Index: 1 = maximum restriction,0.04
2015,OECD Digital Services Trade Restrictiveness Index,CZE,Czechia,Infrastructure and connectivity,Index: 1 = maximum restriction,0.04
2014,OECD Digital Services Trade Restrictiveness Index,CZE,Czechia,Infrastructure and connectivity,Index: 1 = maximum restriction,0.04
2020,OECD Digital Services Trade Restrictiveness Index,CZE,Czechia,Infrastructure and connectivity,Index: 1 = maximum restriction,0.04
2019,OECD Digital Services Trade Restrictiveness Index,CZE,Czechia,Infrastructure and connectivity,Index: 1 = maximum restriction,0.04
2024,OECD Digital Services Trade Restrictiveness Index,CZE,Czechia,Indicator DSTRI,Index: 1 = maximum restriction,0.12
2023,OECD Digital Services Trade Restrictiveness Index,CZE,Czechia,Indicator DSTRI,Index: 1 = maximum restriction,0.12
2022,OECD Digital Services Trade Restrictiveness Index,CZE,Czechia,Indicator DSTRI,Index: 1 = maximum restriction,0.12
2021,OECD Digital Services Trade Restrictiveness Index,CZE,Czechia,Indicator DSTRI,Index: 1 = maximum restriction,0.12
2018,OECD Digital Services Trade Restrictiveness Index,CZE,Czechia,Indicator DSTRI,Index: 1 = maximum restriction,0.12
2017,OECD Digital Services Trade Restrictiveness Index,CZE,Czechia,Indicator DSTRI,Index: 1 = maximum restriction,0.1
2016,OECD Digital Services Trade Restrictiveness Index,CZE,Czechia,Indicator DSTRI,Index: 1 = maximum restriction,0.1
2015,OECD Digital Services Trade Restrictiveness Index,CZE,Czechia,Indicator DSTRI,Index: 1 = maximum restriction,0.1
2014,OECD Digital Services Trade Restrictiveness Index,CZE,Czechia,Indicator DSTRI,Index: 1 = maximum restriction,0.1
2020,OECD Digital Services Trade Restrictiveness Index,CZE,Czechia,Indicator DSTRI,Index: 1 = maximum restriction,0.12
2019,OECD Digital Services Trade Restrictiveness Index,CZE,Czechia,Indicator DSTRI,Index: 1 = maximum restriction,0.12
2024,OECD Digital Services Trade Restrictiveness Index,CZE,Czechia,Electronic transactions,Index: 1 = maximum restriction,0.02
2023,OECD Digital Services Trade Restrictiveness Index,CZE,Czechia,Electronic transactions,Index: 1 = maximum restriction,0.02
2022,OECD Digital Services Trade Restrictiveness Index,CZE,Czechia,Electronic transactions,Index: 1 = maximum restriction,0.02
2021,OECD Digital Services Trade Restrictiveness Index,CZE,Czechia,Electronic transactions,Index: 1 = maximum restriction,0.02
2018,OECD Digital Services Trade Restrictiveness Index,CZE,Czechia,Electronic transactions,Index: 1 = maximum restriction,0.02
2017,OECD Digital Services Trade Restrictiveness Index,CZE,Czechia,Electronic transactions,Index: 1 = maximum restriction,0.02
2016,OECD Digital Services Trade Restrictiveness Index,CZE,Czechia,Electronic transactions,Index: 1 = maximum restriction,0.02
2015,OECD Digital Services Trade Restrictiveness Index,CZE,Czechia,Electronic transactions,Index: 1 = maximum restriction,0.02
2014,OECD Digital Services Trade Restrictiveness Index,CZE,Czechia,Electronic transactions,Index: 1 = maximum restriction,0.02
2020,OECD Digital Services Trade Restrictiveness Index,CZE,Czechia,Electronic transactions,Index: 1 = maximum restriction,0.02
2019,OECD Digital Services Trade Restrictiveness Index,CZE,Czechia,Electronic transactions,Index: 1 = maximum restriction,0.02
2024,OECD Digital Services Trade Restrictiveness Index,CZE,Czechia,Other barriers affecting trade in digitally enabled services,Index: 1 = maximum restriction,0.04
2023,OECD Digital Services Trade Restrictiveness Index,CZE,Czechia,Other barriers affecting trade in digitally enabled services,Index: 1 = maximum restriction,0.04
2022,OECD Digital Services Trade Restrictiveness Index,CZE,Czechia,Other barriers affecting trade in digitally enabled services,Index: 1 = maximum restriction,0.04
2021,OECD Digital Services Trade Restrictiveness Index,CZE,Czechia,Other barriers affecting trade in digitally enabled services,Index: 1 = maximum restriction,0.04
2018,OECD Digital Services Trade Restrictiveness Index,CZE,Czechia,Other barriers affecting trade in digitally enabled services,Index: 1 = maximum restriction,0.04
2017,OECD Digital Services Trade Restrictiveness Index,CZE,Czechia,Other barriers affecting trade in digitally enabled services,Index: 1 = maximum restriction,0.02
2016,OECD Digital Services Trade Restrictiveness Index,CZE,Czechia,Other barriers affecting trade in digitally enabled services,Index: 1 = maximum restriction,0.02
2015,OECD Digital Services Trade Restrictiveness Index,CZE,Czechia,Other barriers affecting trade in digitally enabled services,Index: 1 = maximum restriction,0.02
2014,OECD Digital Services Trade Restrictiveness Index,CZE,Czechia,Other barriers affecting trade in digitally enabled services,Index: 1 = maximum restriction,0.02
2020,OECD Digital Services Trade Restrictiveness Index,CZE,Czechia,Other barriers affecting trade in digitally enabled services,Index: 1 = maximum restriction,0.04
2019,OECD Digital Services Trade Restrictiveness Index,CZE,Czechia,Other barriers affecting trade in digitally enabled services,Index: 1 = maximum restriction,0.04
2024,OECD Digital Services Trade Restrictiveness Index,CZE,Czechia,Payment system,Index: 1 = maximum restriction,0.02
2023,OECD Digital Services Trade Restrictiveness Index,CZE,Czechia,Payment system,Index: 1 = maximum restriction,0.02
2022,OECD Digital Services Trade Restrictiveness Index,CZE,Czechia,Payment system,Index: 1 = maximum restriction,0.02
2021,OECD Digital Services Trade Restrictiveness Index,CZE,Czechia,Payment system,Index: 1 = maximum restriction,0.02
2018,OECD Digital Services Trade Restrictiveness Index,CZE,Czechia,Payment system,Index: 1 = maximum restriction,0.02
2017,OECD Digital Services Trade Restrictiveness Index,CZE,Czechia,Payment system,Index: 1 = maximum restriction,0.02
2016,OECD Digital Services Trade Restrictiveness Index,CZE,Czechia,Payment system,Index: 1 = maximum restriction,0.02
2015,OECD Digital Services Trade Restrictiveness Index,CZE,Czechia,Payment system,Index: 1 = maximum restriction,0.02
2014,OECD Digital Services Trade Restrictiveness Index,CZE,Czechia,Payment system,Index: 1 = maximum restriction,0.02
2020,OECD Digital Services Trade Restrictiveness Index,CZE,Czechia,Payment system,Index: 1 = maximum restriction,0.02
2019,OECD Digital Services Trade Restrictiveness Index,CZE,Czechia,Payment system,Index: 1 = maximum restriction,0.02
2024,OECD Digital Services Trade Restrictiveness Index,CZE,Czechia,Intellectual property rights,Index: 1 = maximum restriction,0
2023,OECD Digital Services Trade Restrictiveness Index,CZE,Czechia,Intellectual property rights,Index: 1 = maximum restriction,0
2022,OECD Digital Services Trade Restrictiveness Index,CZE,Czechia,Intellectual property rights,Index: 1 = maximum restriction,0
2021,OECD Digital Services Trade Restrictiveness Index,CZE,Czechia,Intellectual property rights,Index: 1 = maximum restriction,0
2018,OECD Digital Services Trade Restrictiveness Index,CZE,Czechia,Intellectual property rights,Index: 1 = maximum restriction,0
2017,OECD Digital Services Trade Restrictiveness Index,CZE,Czechia,Intellectual property rights,Index: 1 = maximum restriction,0
2016,OECD Digital Services Trade Restrictiveness Index,CZE,Czechia,Intellectual property rights,Index: 1 = maximum restriction,0
2015,OECD Digital Services Trade Restrictiveness Index,CZE,Czechia,Intellectual property rights,Index: 1 = maximum restriction,0
2014,OECD Digital Services Trade Restrictiveness Index,CZE,Czechia,Intellectual property rights,Index: 1 = maximum restriction,0
2020,OECD Digital Services Trade Restrictiveness Index,CZE,Czechia,Intellectual property rights,Index: 1 = maximum restriction,0
2019,OECD Digital Services Trade Restrictiveness Index,CZE,Czechia,Intellectual property rights,Index: 1 = maximum restriction,0
2024,OECD Digital Services Trade Restrictiveness Index,DNK,Denmark,Infrastructure and connectivity,Index: 1 = maximum restriction,0
2023,OECD Digital Services Trade Restrictiveness Index,DNK,Denmark,Infrastructure and connectivity,Index: 1 = maximum restriction,0
2022,OECD Digital Services Trade Restrictiveness Index,DNK,Denmark,Infrastructure and connectivity,Index: 1 = maximum restriction,0
2021,OECD Digital Services Trade Restrictiveness Index,DNK,Denmark,Infrastructure and connectivity,Index: 1 = maximum restriction,0
2018,OECD Digital Services Trade Restrictiveness Index,DNK,Denmark,Infrastructure and connectivity,Index: 1 = maximum restriction,0
2017,OECD Digital Services Trade Restrictiveness Index,DNK,Denmark,Infrastructure and connectivity,Index: 1 = maximum restriction,0
2016,OECD Digital Services Trade Restrictiveness Index,DNK,Denmark,Infrastructure and connectivity,Index: 1 = maximum restriction,0
2015,OECD Digital Services Trade Restrictiveness Index,DNK,Denmark,Infrastructure and connectivity,Index: 1 = maximum restriction,0
2014,OECD Digital Services Trade Restrictiveness Index,DNK,Denmark,Infrastructure and connectivity,Index: 1 = maximum restriction,0.04
2020,OECD Digital Services Trade Restrictiveness Index,DNK,Denmark,Infrastructure and connectivity,Index: 1 = maximum restriction,0
2019,OECD Digital Services Trade Restrictiveness Index,DNK,Denmark,Infrastructure and connectivity,Index: 1 = maximum restriction,0
2024,OECD Digital Services Trade Restrictiveness Index,DNK,Denmark,Indicator DSTRI,Index: 1 = maximum restriction,0.06
2023,OECD Digital Services Trade Restrictiveness Index,DNK,Denmark,Indicator DSTRI,Index: 1 = maximum restriction,0.06
2022,OECD Digital Services Trade Restrictiveness Index,DNK,Denmark,Indicator DSTRI,Index: 1 = maximum restriction,0.06
2021,OECD Digital Services Trade Restrictiveness Index,DNK,Denmark,Indicator DSTRI,Index: 1 = maximum restriction,0.06
2018,OECD Digital Services Trade Restrictiveness Index,DNK,Denmark,Indicator DSTRI,Index: 1 = maximum restriction,0.06
2017,OECD Digital Services Trade Restrictiveness Index,DNK,Denmark,Indicator DSTRI,Index: 1 = maximum restriction,0.04
2016,OECD Digital Services Trade Restrictiveness Index,DNK,Denmark,Indicator DSTRI,Index: 1 = maximum restriction,0.04
2015,OECD Digital Services Trade Restrictiveness Index,DNK,Denmark,Indicator DSTRI,Index: 1 = maximum restriction,0.04
2014,OECD Digital Services Trade Restrictiveness Index,DNK,Denmark,Indicator DSTRI,Index: 1 = maximum restriction,0.08
2020,OECD Digital Services Trade Restrictiveness Index,DNK,Denmark,Indicator DSTRI,Index: 1 = maximum restriction,0.06
2019,OECD Digital Services Trade Restrictiveness Index,DNK,Denmark,Indicator DSTRI,Index: 1 = maximum restriction,0.06
2024,OECD Digital Services Trade Restrictiveness Index,DNK,Denmark,Electronic transactions,Index: 1 = maximum restriction,0.04
2023,OECD Digital Services Trade Restrictiveness Index,DNK,Denmark,Electronic transactions,Index: 1 = maximum restriction,0.04
2022,OECD Digital Services Trade Restrictiveness Index,DNK,Denmark,Electronic transactions,Index: 1 = maximum restriction,0.04
2021,OECD Digital Services Trade Restrictiveness Index,DNK,Denmark,Electronic transactions,Index: 1 = maximum restriction,0.04
2018,OECD Digital Services Trade Restrictiveness Index,DNK,Denmark,Electronic transactions,Index: 1 = maximum restriction,0.04
2017,OECD Digital Services Trade Restrictiveness Index,DNK,Denmark,Electronic transactions,Index: 1 = maximum restriction,0.04
2016,OECD Digital Services Trade Restrictiveness Index,DNK,Denmark,Electronic transactions,Index: 1 = maximum restriction,0.04
2015,OECD Digital Services Trade Restrictiveness Index,DNK,Denmark,Electronic transactions,Index: 1 = maximum restriction,0.04
2014,OECD Digital Services Trade Restrictiveness Index,DNK,Denmark,Electronic transactions,Index: 1 = maximum restriction,0.04
2020,OECD Digital Services Trade Restrictiveness Index,DNK,Denmark,Electronic transactions,Index: 1 = maximum restriction,0.04
2019,OECD Digital Services Trade Restrictiveness Index,DNK,Denmark,Electronic transactions,Index: 1 = maximum restriction,0.04
2024,OECD Digital Services Trade Restrictiveness Index,DNK,Denmark,Other barriers affecting trade in digitally enabled services,Index: 1 = maximum restriction,0.02
2023,OECD Digital Services Trade Restrictiveness Index,DNK,Denmark,Other barriers affecting trade in digitally enabled services,Index: 1 = maximum restriction,0.02
2022,OECD Digital Services Trade Restrictiveness Index,DNK,Denmark,Other barriers affecting trade in digitally enabled services,Index: 1 = maximum restriction,0.02
2021,OECD Digital Services Trade Restrictiveness Index,DNK,Denmark,Other barriers affecting trade in digitally enabled services,Index: 1 = maximum restriction,0.02
2018,OECD Digital Services Trade Restrictiveness Index,DNK,Denmark,Other barriers affecting trade in digitally enabled services,Index: 1 = maximum restriction,0.02
2017,OECD Digital Services Trade Restrictiveness Index,DNK,Denmark,Other barriers affecting trade in digitally enabled services,Index: 1 = maximum restriction,0
2016,OECD Digital Services Trade Restrictiveness Index,DNK,Denmark,Other barriers affecting trade in digitally enabled services,Index: 1 = maximum restriction,0
2015,OECD Digital Services Trade Restrictiveness Index,DNK,Denmark,Other barriers affecting trade in digitally enabled services,Index: 1 = maximum restriction,0
2014,OECD Digital Services Trade Restrictiveness Index,DNK,Denmark,Other barriers affecting trade in digitally enabled services,Index: 1 = maximum restriction,0
2020,OECD Digital Services Trade Restrictiveness Index,DNK,Denmark,Other barriers affecting trade in digitally enabled services,Index: 1 = maximum restriction,0.02
2019,OECD Digital Services Trade Restrictiveness Index,DNK,Denmark,Other barriers affecting trade in digitally enabled services,Index: 1 = maximum restriction,0.02
2024,OECD Digital Services Trade Restrictiveness Index,DNK,Denmark,Payment system,Index: 1 = maximum restriction,0
2023,OECD Digital Services Trade Restrictiveness Index,DNK,Denmark,Payment system,Index: 1 = maximum restriction,0
2022,OECD Digital Services Trade Restrictiveness Index,DNK,Denmark,Payment system,Index: 1 = maximum restriction,0
2021,OECD Digital Services Trade Restrictiveness Index,DNK,Denmark,Payment system,Index: 1 = maximum restriction,0
2018,OECD Digital Services Trade Restrictiveness Index,DNK,Denmark,Payment system,Index: 1 = maximum restriction,0
2017,OECD Digital Services Trade Restrictiveness Index,DNK,Denmark,Payment system,Index: 1 = maximum restriction,0
2016,OECD Digital Services Trade Restrictiveness Index,DNK,Denmark,Payment system,Index: 1 = maximum restriction,0
2015,OECD Digital Services Trade Restrictiveness Index,DNK,Denmark,Payment system,Index: 1 = maximum restriction,0
2014,OECD Digital Services Trade Restrictiveness Index,DNK,Denmark,Payment system,Index: 1 = maximum restriction,0
2020,OECD Digital Services Trade Restrictiveness Index,DNK,Denmark,Payment system,Index: 1 = maximum restriction,0
2019,OECD Digital Services Trade Restrictiveness Index,DNK,Denmark,Payment system,Index: 1 = maximum restriction,0
2024,OECD Digital Services Trade Restrictiveness Index,DNK,Denmark,Intellectual property rights,Index: 1 = maximum restriction,0
2023,OECD Digital Services Trade Restrictiveness Index,DNK,Denmark,Intellectual property rights,Index: 1 = maximum restriction,0
2022,OECD Digital Services Trade Restrictiveness Index,DNK,Denmark,Intellectual property rights,Index: 1 = maximum restriction,0
2021,OECD Digital Services Trade Restrictiveness Index,DNK,Denmark,Intellectual property rights,Index: 1 = maximum restriction,0
2018,OECD Digital Services Trade Restrictiveness Index,DNK,Denmark,Intellectual property rights,Index: 1 = maximum restriction,0
2017,OECD Digital Services Trade Restrictiveness Index,DNK,Denmark,Intellectual property rights,Index: 1 = maximum restriction,0
2016,OECD Digital Services Trade Restrictiveness Index,DNK,Denmark,Intellectual property rights,Index: 1 = maximum restriction,0
2015,OECD Digital Services Trade Restrictiveness Index,DNK,Denmark,Intellectual property rights,Index: 1 = maximum restriction,0
2014,OECD Digital Services Trade Restrictiveness Index,DNK,Denmark,Intellectual property rights,Index: 1 = maximum restriction,0
2020,OECD Digital Services Trade Restrictiveness Index,DNK,Denmark,Intellectual property rights,Index: 1 = maximum restriction,0
2019,OECD Digital Services Trade Restrictiveness Index,DNK,Denmark,Intellectual property rights,Index: 1 = maximum restriction,0
2024,OECD Digital Services Trade Restrictiveness Index,EST,Estonia,Infrastructure and connectivity,Index: 1 = maximum restriction,0
2023,OECD Digital Services Trade Restrictiveness Index,EST,Estonia,Infrastructure and connectivity,Index: 1 = maximum restriction,0
2022,OECD Digital Services Trade Restrictiveness Index,EST,Estonia,Infrastructure and connectivity,Index: 1 = maximum restriction,0
2021,OECD Digital Services Trade Restrictiveness Index,EST,Estonia,Infrastructure and connectivity,Index: 1 = maximum restriction,0
2018,OECD Digital Services Trade Restrictiveness Index,EST,Estonia,Infrastructure and connectivity,Index: 1 = maximum restriction,0
2017,OECD Digital Services Trade Restrictiveness Index,EST,Estonia,Infrastructure and connectivity,Index: 1 = maximum restriction,0
2016,OECD Digital Services Trade Restrictiveness Index,EST,Estonia,Infrastructure and connectivity,Index: 1 = maximum restriction,0
2015,OECD Digital Services Trade Restrictiveness Index,EST,Estonia,Infrastructure and connectivity,Index: 1 = maximum restriction,0
2014,OECD Digital Services Trade Restrictiveness Index,EST,Estonia,Infrastructure and connectivity,Index: 1 = maximum restriction,0
2020,OECD Digital Services Trade Restrictiveness Index,EST,Estonia,Infrastructure and connectivity,Index: 1 = maximum restriction,0
2019,OECD Digital Services Trade Restrictiveness Index,EST,Estonia,Infrastructure and connectivity,Index: 1 = maximum restriction,0
2024,OECD Digital Services Trade Restrictiveness Index,EST,Estonia,Indicator DSTRI,Index: 1 = maximum restriction,0.04
2023,OECD Digital Services Trade Restrictiveness Index,EST,Estonia,Indicator DSTRI,Index: 1 = maximum restriction,0.04
2022,OECD Digital Services Trade Restrictiveness Index,EST,Estonia,Indicator DSTRI,Index: 1 = maximum restriction,0.04
2021,OECD Digital Services Trade Restrictiveness Index,EST,Estonia,Indicator DSTRI,Index: 1 = maximum restriction,0.04
2018,OECD Digital Services Trade Restrictiveness Index,EST,Estonia,Indicator DSTRI,Index: 1 = maximum restriction,0.04
2017,OECD Digital Services Trade Restrictiveness Index,EST,Estonia,Indicator DSTRI,Index: 1 = maximum restriction,0.02
2016,OECD Digital Services Trade Restrictiveness Index,EST,Estonia,Indicator DSTRI,Index: 1 = maximum restriction,0.02
2015,OECD Digital Services Trade Restrictiveness Index,EST,Estonia,Indicator DSTRI,Index: 1 = maximum restriction,0.02
2014,OECD Digital Services Trade Restrictiveness Index,EST,Estonia,Indicator DSTRI,Index: 1 = maximum restriction,0.02
2020,OECD Digital Services Trade Restrictiveness Index,EST,Estonia,Indicator DSTRI,Index: 1 = maximum restriction,0.04
2019,OECD Digital Services Trade Restrictiveness Index,EST,Estonia,Indicator DSTRI,Index: 1 = maximum restriction,0.04
2024,OECD Digital Services Trade Restrictiveness Index,EST,Estonia,Electronic transactions,Index: 1 = maximum restriction,0.02
2023,OECD Digital Services Trade Restrictiveness Index,EST,Estonia,Electronic transactions,Index: 1 = maximum restriction,0.02
2022,OECD Digital Services Trade Restrictiveness Index,EST,Estonia,Electronic transactions,Index: 1 = maximum restriction,0.02
2021,OECD Digital Services Trade Restrictiveness Index,EST,Estonia,Electronic transactions,Index: 1 = maximum restriction,0.02
2018,OECD Digital Services Trade Restrictiveness Index,EST,Estonia,Electronic transactions,Index: 1 = maximum restriction,0.02
2017,OECD Digital Services Trade Restrictiveness Index,EST,Estonia,Electronic transactions,Index: 1 = maximum restriction,0.02
2016,OECD Digital Services Trade Restrictiveness Index,EST,Estonia,Electronic transactions,Index: 1 = maximum restriction,0.02
2015,OECD Digital Services Trade Restrictiveness Index,EST,Estonia,Electronic transactions,Index: 1 = maximum restriction,0.02
2014,OECD Digital Services Trade Restrictiveness Index,EST,Estonia,Electronic transactions,Index: 1 = maximum restriction,0.02
2020,OECD Digital Services Trade Restrictiveness Index,EST,Estonia,Electronic transactions,Index: 1 = maximum restriction,0.02
2019,OECD Digital Services Trade Restrictiveness Index,EST,Estonia,Electronic transactions,Index: 1 = maximum restriction,0.02
2024,OECD Digital Services Trade Restrictiveness Index,EST,Estonia,Other barriers affecting trade in digitally enabled services,Index: 1 = maximum restriction,0.02
2023,OECD Digital Services Trade Restrictiveness Index,EST,Estonia,Other barriers affecting trade in digitally enabled services,Index: 1 = maximum restriction,0.02
2022,OECD Digital Services Trade Restrictiveness Index,EST,Estonia,Other barriers affecting trade in digitally enabled services,Index: 1 = maximum restriction,0.02
2021,OECD Digital Services Trade Restrictiveness Index,EST,Estonia,Other barriers affecting trade in digitally enabled services,Index: 1 = maximum restriction,0.02
2018,OECD Digital Services Trade Restrictiveness Index,EST,Estonia,Other barriers affecting trade in digitally enabled services,Index: 1 = maximum restriction,0.02
2017,OECD Digital Services Trade Restrictiveness Index,EST,Estonia,Other barriers affecting trade in digitally enabled services,Index: 1 = maximum restriction,0
2016,OECD Digital Services Trade Restrictiveness Index,EST,Estonia,Other barriers affecting trade in digitally enabled services,Index: 1 = maximum restriction,0
2015,OECD Digital Services Trade Restrictiveness Index,EST,Estonia,Other barriers affecting trade in digitally enabled services,Index: 1 = maximum restriction,0
2014,OECD Digital Services Trade Restrictiveness Index,EST,Estonia,Other barriers affecting trade in digitally enabled services,Index: 1 = maximum restriction,0
2020,OECD Digital Services Trade Restrictiveness Index,EST,Estonia,Other barriers affecting trade in digitally enabled services,Index: 1 = maximum restriction,0.02
2019,OECD Digital Services Trade Restrictiveness Index,EST,Estonia,Other barriers affecting trade in digitally enabled services,Index: 1 = maximum restriction,0.02
2024,OECD Digital Services Trade Restrictiveness Index,EST,Estonia,Payment system,Index: 1 = maximum restriction,0
2023,OECD Digital Services Trade Restrictiveness Index,EST,Estonia,Payment system,Index: 1 = maximum restriction,0
2022,OECD Digital Services Trade Restrictiveness Index,EST,Estonia,Payment system,Index: 1 = maximum restriction,0
2021,OECD Digital Services Trade Restrictiveness Index,EST,Estonia,Payment system,Index: 1 = maximum restriction,0
2018,OECD Digital Services Trade Restrictiveness Index,EST,Estonia,Payment system,Index: 1 = maximum restriction,0
2017,OECD Digital Services Trade Restrictiveness Index,EST,Estonia,Payment system,Index: 1 = maximum restriction,0
2016,OECD Digital Services Trade Restrictiveness Index,EST,Estonia,Payment system,Index: 1 = maximum restriction,0
2015,OECD Digital Services Trade Restrictiveness Index,EST,Estonia,Payment system,Index: 1 = maximum restriction,0
2014,OECD Digital Services Trade Restrictiveness Index,EST,Estonia,Payment system,Index: 1 = maximum restriction,0
2020,OECD Digital Services Trade Restrictiveness Index,EST,Estonia,Payment system,Index: 1 = maximum restriction,0
2019,OECD Digital Services Trade Restrictiveness Index,EST,Estonia,Payment system,Index: 1 = maximum restriction,0
2024,OECD Digital Services Trade Restrictiveness Index,EST,Estonia,Intellectual property rights,Index: 1 = maximum restriction,0
2023,OECD Digital Services Trade Restrictiveness Index,EST,Estonia,Intellectual property rights,Index: 1 = maximum restriction,0
2022,OECD Digital Services Trade Restrictiveness Index,EST,Estonia,Intellectual property rights,Index: 1 = maximum restriction,0
2021,OECD Digital Services Trade Restrictiveness Index,EST,Estonia,Intellectual property rights,Index: 1 = maximum restriction,0
2018,OECD Digital Services Trade Restrictiveness Index,EST,Estonia,Intellectual property rights,Index: 1 = maximum restriction,0
2017,OECD Digital Services Trade Restrictiveness Index,EST,Estonia,Intellectual property rights,Index: 1 = maximum restriction,0
2016,OECD Digital Services Trade Restrictiveness Index,EST,Estonia,Intellectual property rights,Index: 1 = maximum restriction,0
2015,OECD Digital Services Trade Restrictiveness Index,EST,Estonia,Intellectual property rights,Index: 1 = maximum restriction,0
2014,OECD Digital Services Trade Restrictiveness Index,EST,Estonia,Intellectual property rights,Index: 1 = maximum restriction,0
2020,OECD Digital Services Trade Restrictiveness Index,EST,Estonia,Intellectual property rights,Index: 1 = maximum restriction,0
2019,OECD Digital Services Trade Restrictiveness Index,EST,Estonia,Intellectual property rights,Index: 1 = maximum restriction,0
2024,OECD Digital Services Trade Restrictiveness Index,FIN,Finland,Infrastructure and connectivity,Index: 1 = maximum restriction,0
2023,OECD Digital Services Trade Restrictiveness Index,FIN,Finland,Infrastructure and connectivity,Index: 1 = maximum restriction,0
2022,OECD Digital Services Trade Restrictiveness Index,FIN,Finland,Infrastructure and connectivity,Index: 1 = maximum restriction,0
2021,OECD Digital Services Trade Restrictiveness Index,FIN,Finland,Infrastructure and connectivity,Index: 1 = maximum restriction,0
2018,OECD Digital Services Trade Restrictiveness Index,FIN,Finland,Infrastructure and connectivity,Index: 1 = maximum restriction,0
2017,OECD Digital Services Trade Restrictiveness Index,FIN,Finland,Infrastructure and connectivity,Index: 1 = maximum restriction,0
2016,OECD Digital Services Trade Restrictiveness Index,FIN,Finland,Infrastructure and connectivity,Index: 1 = maximum restriction,0
2015,OECD Digital Services Trade Restrictiveness Index,FIN,Finland,Infrastructure and connectivity,Index: 1 = maximum restriction,0
2014,OECD Digital Services Trade Restrictiveness Index,FIN,Finland,Infrastructure and connectivity,Index: 1 = maximum restriction,0
2020,OECD Digital Services Trade Restrictiveness Index,FIN,Finland,Infrastructure and connectivity,Index: 1 = maximum restriction,0
2019,OECD Digital Services Trade Restrictiveness Index,FIN,Finland,Infrastructure and connectivity,Index: 1 = maximum restriction,0
2024,OECD Digital Services Trade Restrictiveness Index,FIN,Finland,Indicator DSTRI,Index: 1 = maximum restriction,0.08
2023,OECD Digital Services Trade Restrictiveness Index,FIN,Finland,Indicator DSTRI,Index: 1 = maximum restriction,0.08
2022,OECD Digital Services Trade Restrictiveness Index,FIN,Finland,Indicator DSTRI,Index: 1 = maximum restriction,0.08
2021,OECD Digital Services Trade Restrictiveness Index,FIN,Finland,Indicator DSTRI,Index: 1 = maximum restriction,0.08
2018,OECD Digital Services Trade Restrictiveness Index,FIN,Finland,Indicator DSTRI,Index: 1 = maximum restriction,0.06
2017,OECD Digital Services Trade Restrictiveness Index,FIN,Finland,Indicator DSTRI,Index: 1 = maximum restriction,0.04
2016,OECD Digital Services Trade Restrictiveness Index,FIN,Finland,Indicator DSTRI,Index: 1 = maximum restriction,0.04
2015,OECD Digital Services Trade Restrictiveness Index,FIN,Finland,Indicator DSTRI,Index: 1 = maximum restriction,0.04
2014,OECD Digital Services Trade Restrictiveness Index,FIN,Finland,Indicator DSTRI,Index: 1 = maximum restriction,0.04
2020,OECD Digital Services Trade Restrictiveness Index,FIN,Finland,Indicator DSTRI,Index: 1 = maximum restriction,0.06
2019,OECD Digital Services Trade Restrictiveness Index,FIN,Finland,Indicator DSTRI,Index: 1 = maximum restriction,0.06
2024,OECD Digital Services Trade Restrictiveness Index,FIN,Finland,Electronic transactions,Index: 1 = maximum restriction,0.02
2023,OECD Digital Services Trade Restrictiveness Index,FIN,Finland,Electronic transactions,Index: 1 = maximum restriction,0.02
2022,OECD Digital Services Trade Restrictiveness Index,FIN,Finland,Electronic transactions,Index: 1 = maximum restriction,0.02
2021,OECD Digital Services Trade Restrictiveness Index,FIN,Finland,Electronic transactions,Index: 1 = maximum restriction,0.02
2018,OECD Digital Services Trade Restrictiveness Index,FIN,Finland,Electronic transactions,Index: 1 = maximum restriction,0.02
2017,OECD Digital Services Trade Restrictiveness Index,FIN,Finland,Electronic transactions,Index: 1 = maximum restriction,0.02
2016,OECD Digital Services Trade Restrictiveness Index,FIN,Finland,Electronic transactions,Index: 1 = maximum restriction,0.02
2015,OECD Digital Services Trade Restrictiveness Index,FIN,Finland,Electronic transactions,Index: 1 = maximum restriction,0.02
2014,OECD Digital Services Trade Restrictiveness Index,FIN,Finland,Electronic transactions,Index: 1 = maximum restriction,0.02
2020,OECD Digital Services Trade Restrictiveness Index,FIN,Finland,Electronic transactions,Index: 1 = maximum restriction,0.02
2019,OECD Digital Services Trade Restrictiveness Index,FIN,Finland,Electronic transactions,Index: 1 = maximum restriction,0.02
2024,OECD Digital Services Trade Restrictiveness Index,FIN,Finland,Other barriers affecting trade in digitally enabled services,Index: 1 = maximum restriction,0.04
2023,OECD Digital Services Trade Restrictiveness Index,FIN,Finland,Other barriers affecting trade in digitally enabled services,Index: 1 = maximum restriction,0.04
2022,OECD Digital Services Trade Restrictiveness Index,FIN,Finland,Other barriers affecting trade in digitally enabled services,Index: 1 = maximum restriction,0.04
2021,OECD Digital Services Trade Restrictiveness Index,FIN,Finland,Other barriers affecting trade in digitally enabled services,Index: 1 = maximum restriction,0.04
2018,OECD Digital Services Trade Restrictiveness Index,FIN,Finland,Other barriers affecting trade in digitally enabled services,Index: 1 = maximum restriction,0.02
2017,OECD Digital Services Trade Restrictiveness Index,FIN,Finland,Other barriers affecting trade in digitally enabled services,Index: 1 = maximum restriction,0
2016,OECD Digital Services Trade Restrictiveness Index,FIN,Finland,Other barriers affecting trade in digitally enabled services,Index: 1 = maximum restriction,0
2015,OECD Digital Services Trade Restrictiveness Index,FIN,Finland,Other barriers affecting trade in digitally enabled services,Index: 1 = maximum restriction,0
2014,OECD Digital Services Trade Restrictiveness Index,FIN,Finland,Other barriers affecting trade in digitally enabled services,Index: 1 = maximum restriction,0
2020,OECD Digital Services Trade Restrictiveness Index,FIN,Finland,Other barriers affecting trade in digitally enabled services,Index: 1 = maximum restriction,0.02
2019,OECD Digital Services Trade Restrictiveness Index,FIN,Finland,Other barriers affecting trade in digitally enabled services,Index: 1 = maximum restriction,0.02
2024,OECD Digital Services Trade Restrictiveness Index,FIN,Finland,Payment system,Index: 1 = maximum restriction,0.02
2023,OECD Digital Services Trade Restrictiveness Index,FIN,Finland,Payment system,Index: 1 = maximum restriction,0.02
2022,OECD Digital Services Trade Restrictiveness Index,FIN,Finland,Payment system,Index: 1 = maximum restriction,0.02
2021,OECD Digital Services Trade Restrictiveness Index,FIN,Finland,Payment system,Index: 1 = maximum restriction,0.02
2018,OECD Digital Services Trade Restrictiveness Index,FIN,Finland,Payment system,Index: 1 = maximum restriction,0.02
2017,OECD Digital Services Trade Restrictiveness Index,FIN,Finland,Payment system,Index: 1 = maximum restriction,0.02
2016,OECD Digital Services Trade Restrictiveness Index,FIN,Finland,Payment system,Index: 1 = maximum restriction,0.02
2015,OECD Digital Services Trade Restrictiveness Index,FIN,Finland,Payment system,Index: 1 = maximum restriction,0.02
2014,OECD Digital Services Trade Restrictiveness Index,FIN,Finland,Payment system,Index: 1 = maximum restriction,0.02
2020,OECD Digital Services Trade Restrictiveness Index,FIN,Finland,Payment system,Index: 1 = maximum restriction,0.02
2019,OECD Digital Services Trade Restrictiveness Index,FIN,Finland,Payment system,Index: 1 = maximum restriction,0.02
2024,OECD Digital Services Trade Restrictiveness Index,FIN,Finland,Intellectual property rights,Index: 1 = maximum restriction,0
2023,OECD Digital Services Trade Restrictiveness Index,FIN,Finland,Intellectual property rights,Index: 1 = maximum restriction,0
2022,OECD Digital Services Trade Restrictiveness Index,FIN,Finland,Intellectual property rights,Index: 1 = maximum restriction,0
2021,OECD Digital Services Trade Restrictiveness Index,FIN,Finland,Intellectual property rights,Index: 1 = maximum restriction,0
2018,OECD Digital Services Trade Restrictiveness Index,FIN,Finland,Intellectual property rights,Index: 1 = maximum restriction,0
2017,OECD Digital Services Trade Restrictiveness Index,FIN,Finland,Intellectual property rights,Index: 1 = maximum restriction,0
2016,OECD Digital Services Trade Restrictiveness Index,FIN,Finland,Intellectual property rights,Index: 1 = maximum restriction,0
2015,OECD Digital Services Trade Restrictiveness Index,FIN,Finland,Intellectual property rights,Index: 1 = maximum restriction,0
2014,OECD Digital Services Trade Restrictiveness Index,FIN,Finland,Intellectual property rights,Index: 1 = maximum restriction,0
2020,OECD Digital Services Trade Restrictiveness Index,FIN,Finland,Intellectual property rights,Index: 1 = maximum restriction,0
2019,OECD Digital Services Trade Restrictiveness Index,FIN,Finland,Intellectual property rights,Index: 1 = maximum restriction,0
2024,OECD Digital Services Trade Restrictiveness Index,FRA,France,Infrastructure and connectivity,Index: 1 = maximum restriction,0
2023,OECD Digital Services Trade Restrictiveness Index,FRA,France,Infrastructure and connectivity,Index: 1 = maximum restriction,0
2022,OECD Digital Services Trade Restrictiveness Index,FRA,France,Infrastructure and connectivity,Index: 1 = maximum restriction,0
2021,OECD Digital Services Trade Restrictiveness Index,FRA,France,Infrastructure and connectivity,Index: 1 = maximum restriction,0
2018,OECD Digital Services Trade Restrictiveness Index,FRA,France,Infrastructure and connectivity,Index: 1 = maximum restriction,0
2017,OECD Digital Services Trade Restrictiveness Index,FRA,France,Infrastructure and connectivity,Index: 1 = maximum restriction,0
2016,OECD Digital Services Trade Restrictiveness Index,FRA,France,Infrastructure and connectivity,Index: 1 = maximum restriction,0
2015,OECD Digital Services Trade Restrictiveness Index,FRA,France,Infrastructure and connectivity,Index: 1 = maximum restriction,0
2014,OECD Digital Services Trade Restrictiveness Index,FRA,France,Infrastructure and connectivity,Index: 1 = maximum restriction,0
2020,OECD Digital Services Trade Restrictiveness Index,FRA,France,Infrastructure and connectivity,Index: 1 = maximum restriction,0
2019,OECD Digital Services Trade Restrictiveness Index,FRA,France,Infrastructure and connectivity,Index: 1 = maximum restriction,0
2024,OECD Digital Services Trade Restrictiveness Index,FRA,France,Indicator DSTRI,Index: 1 = maximum restriction,0.1
2023,OECD Digital Services Trade Restrictiveness Index,FRA,France,Indicator DSTRI,Index: 1 = maximum restriction,0.1
2022,OECD Digital Services Trade Restrictiveness Index,FRA,France,Indicator DSTRI,Index: 1 = maximum restriction,0.1
2021,OECD Digital Services Trade Restrictiveness Index,FRA,France,Indicator DSTRI,Index: 1 = maximum restriction,0.1
2018,OECD Digital Services Trade Restrictiveness Index,FRA,France,Indicator DSTRI,Index: 1 = maximum restriction,0.1
2017,OECD Digital Services Trade Restrictiveness Index,FRA,France,Indicator DSTRI,Index: 1 = maximum restriction,0.08
2016,OECD Digital Services Trade Restrictiveness Index,FRA,France,Indicator DSTRI,Index: 1 = maximum restriction,0.08
2015,OECD Digital Services Trade Restrictiveness Index,FRA,France,Indicator DSTRI,Index: 1 = maximum restriction,0.08
2014,OECD Digital Services Trade Restrictiveness Index,FRA,France,Indicator DSTRI,Index: 1 = maximum restriction,0.08
2020,OECD Digital Services Trade Restrictiveness Index,FRA,France,Indicator DSTRI,Index: 1 = maximum restriction,0.1
2019,OECD Digital Services Trade Restrictiveness Index,FRA,France,Indicator DSTRI,Index: 1 = maximum restriction,0.1
2024,OECD Digital Services Trade Restrictiveness Index,FRA,France,Electronic transactions,Index: 1 = maximum restriction,0.04
2023,OECD Digital Services Trade Restrictiveness Index,FRA,France,Electronic transactions,Index: 1 = maximum restriction,0.04
2022,OECD Digital Services Trade Restrictiveness Index,FRA,France,Electronic transactions,Index: 1 = maximum restriction,0.04
2021,OECD Digital Services Trade Restrictiveness Index,FRA,France,Electronic transactions,Index: 1 = maximum restriction,0.04
2018,OECD Digital Services Trade Restrictiveness Index,FRA,France,Electronic transactions,Index: 1 = maximum restriction,0.04
2017,OECD Digital Services Trade Restrictiveness Index,FRA,France,Electronic transactions,Index: 1 = maximum restriction,0.04
2016,OECD Digital Services Trade Restrictiveness Index,FRA,France,Electronic transactions,Index: 1 = maximum restriction,0.04
2015,OECD Digital Services Trade Restrictiveness Index,FRA,France,Electronic transactions,Index: 1 = maximum restriction,0.04
2014,OECD Digital Services Trade Restrictiveness Index,FRA,France,Electronic transactions,Index: 1 = maximum restriction,0.04
2020,OECD Digital Services Trade Restrictiveness Index,FRA,France,Electronic transactions,Index: 1 = maximum restriction,0.04
2019,OECD Digital Services Trade Restrictiveness Index,FRA,France,Electronic transactions,Index: 1 = maximum restriction,0.04
2024,OECD Digital Services Trade Restrictiveness Index,FRA,France,Other barriers affecting trade in digitally enabled services,Index: 1 = maximum restriction,0.04
2023,OECD Digital Services Trade Restrictiveness Index,FRA,France,Other barriers affecting trade in digitally enabled services,Index: 1 = maximum restriction,0.04
2022,OECD Digital Services Trade Restrictiveness Index,FRA,France,Other barriers affecting trade in digitally enabled services,Index: 1 = maximum restriction,0.04
2021,OECD Digital Services Trade Restrictiveness Index,FRA,France,Other barriers affecting trade in digitally enabled services,Index: 1 = maximum restriction,0.04
2018,OECD Digital Services Trade Restrictiveness Index,FRA,France,Other barriers affecting trade in digitally enabled services,Index: 1 = maximum restriction,0.04
2017,OECD Digital Services Trade Restrictiveness Index,FRA,France,Other barriers affecting trade in digitally enabled services,Index: 1 = maximum restriction,0.02
2016,OECD Digital Services Trade Restrictiveness Index,FRA,France,Other barriers affecting trade in digitally enabled services,Index: 1 = maximum restriction,0.02
2015,OECD Digital Services Trade Restrictiveness Index,FRA,France,Other barriers affecting trade in digitally enabled services,Index: 1 = maximum restriction,0.02
2014,OECD Digital Services Trade Restrictiveness Index,FRA,France,Other barriers affecting trade in digitally enabled services,Index: 1 = maximum restriction,0.02
2020,OECD Digital Services Trade Restrictiveness Index,FRA,France,Other barriers affecting trade in digitally enabled services,Index: 1 = maximum restriction,0.04
2019,OECD Digital Services Trade Restrictiveness Index,FRA,France,Other barriers affecting trade in digitally enabled services,Index: 1 = maximum restriction,0.04
2024,OECD Digital Services Trade Restrictiveness Index,FRA,France,Payment system,Index: 1 = maximum restriction,0.02
2023,OECD Digital Services Trade Restrictiveness Index,FRA,France,Payment system,Index: 1 = maximum restriction,0.02
2022,OECD Digital Services Trade Restrictiveness Index,FRA,France,Payment system,Index: 1 = maximum restriction,0.02
2021,OECD Digital Services Trade Restrictiveness Index,FRA,France,Payment system,Index: 1 = maximum restriction,0.02
2018,OECD Digital Services Trade Restrictiveness Index,FRA,France,Payment system,Index: 1 = maximum restriction,0.02
2017,OECD Digital Services Trade Restrictiveness Index,FRA,France,Payment system,Index: 1 = maximum restriction,0.02
2016,OECD Digital Services Trade Restrictiveness Index,FRA,France,Payment system,Index: 1 = maximum restriction,0.02
2015,OECD Digital Services Trade Restrictiveness Index,FRA,France,Payment system,Index: 1 = maximum restriction,0.02
2014,OECD Digital Services Trade Restrictiveness Index,FRA,France,Payment system,Index: 1 = maximum restriction,0.02
2020,OECD Digital Services Trade Restrictiveness Index,FRA,France,Payment system,Index: 1 = maximum restriction,0.02
2019,OECD Digital Services Trade Restrictiveness Index,FRA,France,Payment system,Index: 1 = maximum restriction,0.02
2024,OECD Digital Services Trade Restrictiveness Index,FRA,France,Intellectual property rights,Index: 1 = maximum restriction,0
2023,OECD Digital Services Trade Restrictiveness Index,FRA,France,Intellectual property rights,Index: 1 = maximum restriction,0
2022,OECD Digital Services Trade Restrictiveness Index,FRA,France,Intellectual property rights,Index: 1 = maximum restriction,0
2021,OECD Digital Services Trade Restrictiveness Index,FRA,France,Intellectual property rights,Index: 1 = maximum restriction,0
2018,OECD Digital Services Trade Restrictiveness Index,FRA,France,Intellectual property rights,Index: 1 = maximum restriction,0
2017,OECD Digital Services Trade Restrictiveness Index,FRA,France,Intellectual property rights,Index: 1 = maximum restriction,0
2016,OECD Digital Services Trade Restrictiveness Index,FRA,France,Intellectual property rights,Index: 1 = maximum restriction,0
2015,OECD Digital Services Trade Restrictiveness Index,FRA,France,Intellectual property rights,Index: 1 = maximum restriction,0
2014,OECD Digital Services Trade Restrictiveness Index,FRA,France,Intellectual property rights,Index: 1 = maximum restriction,0
2020,OECD Digital Services Trade Restrictiveness Index,FRA,France,Intellectual property rights,Index: 1 = maximum restriction,0
2019,OECD Digital Services Trade Restrictiveness Index,FRA,France,Intellectual property rights,Index: 1 = maximum restriction,0
2024,OECD Digital Services Trade Restrictiveness Index,DEU,Germany,Infrastructure and connectivity,Index: 1 = maximum restriction,0.04
2023,OECD Digital Services Trade Restrictiveness Index,DEU,Germany,Infrastructure and connectivity,Index: 1 = maximum restriction,0.04
2022,OECD Digital Services Trade Restrictiveness Index,DEU,Germany,Infrastructure and connectivity,Index: 1 = maximum restriction,0.04
2021,OECD Digital Services Trade Restrictiveness Index,DEU,Germany,Infrastructure and connectivity,Index: 1 = maximum restriction,0.04
2018,OECD Digital Services Trade Restrictiveness Index,DEU,Germany,Infrastructure and connectivity,Index: 1 = maximum restriction,0.04
2017,OECD Digital Services Trade Restrictiveness Index,DEU,Germany,Infrastructure and connectivity,Index: 1 = maximum restriction,0.04
2016,OECD Digital Services Trade Restrictiveness Index,DEU,Germany,Infrastructure and connectivity,Index: 1 = maximum restriction,0.04
2015,OECD Digital Services Trade Restrictiveness Index,DEU,Germany,Infrastructure and connectivity,Index: 1 = maximum restriction,0.04
2014,OECD Digital Services Trade Restrictiveness Index,DEU,Germany,Infrastructure and connectivity,Index: 1 = maximum restriction,0.04
2020,OECD Digital Services Trade Restrictiveness Index,DEU,Germany,Infrastructure and connectivity,Index: 1 = maximum restriction,0.04
2019,OECD Digital Services Trade Restrictiveness Index,DEU,Germany,Infrastructure and connectivity,Index: 1 = maximum restriction,0.04
2024,OECD Digital Services Trade Restrictiveness Index,DEU,Germany,Indicator DSTRI,Index: 1 = maximum restriction,0.08
2023,OECD Digital Services Trade Restrictiveness Index,DEU,Germany,Indicator DSTRI,Index: 1 = maximum restriction,0.08
2022,OECD Digital Services Trade Restrictiveness Index,DEU,Germany,Indicator DSTRI,Index: 1 = maximum restriction,0.08
2021,OECD Digital Services Trade Restrictiveness Index,DEU,Germany,Indicator DSTRI,Index: 1 = maximum restriction,0.08
2018,OECD Digital Services Trade Restrictiveness Index,DEU,Germany,Indicator DSTRI,Index: 1 = maximum restriction,0.1
2017,OECD Digital Services Trade Restrictiveness Index,DEU,Germany,Indicator DSTRI,Index: 1 = maximum restriction,0.08
2016,OECD Digital Services Trade Restrictiveness Index,DEU,Germany,Indicator DSTRI,Index: 1 = maximum restriction,0.08
2015,OECD Digital Services Trade Restrictiveness Index,DEU,Germany,Indicator DSTRI,Index: 1 = maximum restriction,0.08
2014,OECD Digital Services Trade Restrictiveness Index,DEU,Germany,Indicator DSTRI,Index: 1 = maximum restriction,0.08
2020,OECD Digital Services Trade Restrictiveness Index,DEU,Germany,Indicator DSTRI,Index: 1 = maximum restriction,0.1
2019,OECD Digital Services Trade Restrictiveness Index,DEU,Germany,Indicator DSTRI,Index: 1 = maximum restriction,0.1
2024,OECD Digital Services Trade Restrictiveness Index,DEU,Germany,Electronic transactions,Index: 1 = maximum restriction,0.02
2023,OECD Digital Services Trade Restrictiveness Index,DEU,Germany,Electronic transactions,Index: 1 = maximum restriction,0.02
2022,OECD Digital Services Trade Restrictiveness Index,DEU,Germany,Electronic transactions,Index: 1 = maximum restriction,0.02
2021,OECD Digital Services Trade Restrictiveness Index,DEU,Germany,Electronic transactions,Index: 1 = maximum restriction,0.02
2018,OECD Digital Services Trade Restrictiveness Index,DEU,Germany,Electronic transactions,Index: 1 = maximum restriction,0.04
2017,OECD Digital Services Trade Restrictiveness Index,DEU,Germany,Electronic transactions,Index: 1 = maximum restriction,0.04
2016,OECD Digital Services Trade Restrictiveness Index,DEU,Germany,Electronic transactions,Index: 1 = maximum restriction,0.04
2015,OECD Digital Services Trade Restrictiveness Index,DEU,Germany,Electronic transactions,Index: 1 = maximum restriction,0.04
2014,OECD Digital Services Trade Restrictiveness Index,DEU,Germany,Electronic transactions,Index: 1 = maximum restriction,0.04
2020,OECD Digital Services Trade Restrictiveness Index,DEU,Germany,Electronic transactions,Index: 1 = maximum restriction,0.04
2019,OECD Digital Services Trade Restrictiveness Index,DEU,Germany,Electronic transactions,Index: 1 = maximum restriction,0.04
2024,OECD Digital Services Trade Restrictiveness Index,DEU,Germany,Other barriers affecting trade in digitally enabled services,Index: 1 = maximum restriction,0.02
2023,OECD Digital Services Trade Restrictiveness Index,DEU,Germany,Other barriers affecting trade in digitally enabled services,Index: 1 = maximum restriction,0.02
2022,OECD Digital Services Trade Restrictiveness Index,DEU,Germany,Other barriers affecting trade in digitally enabled services,Index: 1 = maximum restriction,0.02
2021,OECD Digital Services Trade Restrictiveness Index,DEU,Germany,Other barriers affecting trade in digitally enabled services,Index: 1 = maximum restriction,0.02
2018,OECD Digital Services Trade Restrictiveness Index,DEU,Germany,Other barriers affecting trade in digitally enabled services,Index: 1 = maximum restriction,0.02
2017,OECD Digital Services Trade Restrictiveness Index,DEU,Germany,Other barriers affecting trade in digitally enabled services,Index: 1 = maximum restriction,0
2016,OECD Digital Services Trade Restrictiveness Index,DEU,Germany,Other barriers affecting trade in digitally enabled services,Index: 1 = maximum restriction,0
2015,OECD Digital Services Trade Restrictiveness Index,DEU,Germany,Other barriers affecting trade in digitally enabled services,Index: 1 = maximum restriction,0
2014,OECD Digital Services Trade Restrictiveness Index,DEU,Germany,Other barriers affecting trade in digitally enabled services,Index: 1 = maximum restriction,0
2020,OECD Digital Services Trade Restrictiveness Index,DEU,Germany,Other barriers affecting trade in digitally enabled services,Index: 1 = maximum restriction,0.02
2019,OECD Digital Services Trade Restrictiveness Index,DEU,Germany,Other barriers affecting trade in digitally enabled services,Index: 1 = maximum restriction,0.02
2024,OECD Digital Services Trade Restrictiveness Index,DEU,Germany,Payment system,Index: 1 = maximum restriction,0
2023,OECD Digital Services Trade Restrictiveness Index,DEU,Germany,Payment system,Index: 1 = maximum restriction,0
2022,OECD Digital Services Trade Restrictiveness Index,DEU,Germany,Payment system,Index: 1 = maximum restriction,0
2021,OECD Digital Services Trade Restrictiveness Index,DEU,Germany,Payment system,Index: 1 = maximum restriction,0
2018,OECD Digital Services Trade Restrictiveness Index,DEU,Germany,Payment system,Index: 1 = maximum restriction,0
2017,OECD Digital Services Trade Restrictiveness Index,DEU,Germany,Payment system,Index: 1 = maximum restriction,0
2016,OECD Digital Services Trade Restrictiveness Index,DEU,Germany,Payment system,Index: 1 = maximum restriction,0
2015,OECD Digital Services Trade Restrictiveness Index,DEU,Germany,Payment system,Index: 1 = maximum restriction,0
2014,OECD Digital Services Trade Restrictiveness Index,DEU,Germany,Payment system,Index: 1 = maximum restriction,0
2020,OECD Digital Services Trade Restrictiveness Index,DEU,Germany,Payment system,Index: 1 = maximum restriction,0
2019,OECD Digital Services Trade Restrictiveness Index,DEU,Germany,Payment system,Index: 1 = maximum restriction,0
2024,OECD Digital Services Trade Restrictiveness Index,DEU,Germany,Intellectual property rights,Index: 1 = maximum restriction,0
2023,OECD Digital Services Trade Restrictiveness Index,DEU,Germany,Intellectual property rights,Index: 1 = maximum restriction,0
2022,OECD Digital Services Trade Restrictiveness Index,DEU,Germany,Intellectual property rights,Index: 1 = maximum restriction,0
2021,OECD Digital Services Trade Restrictiveness Index,DEU,Germany,Intellectual property rights,Index: 1 = maximum restriction,0
2018,OECD Digital Services Trade Restrictiveness Index,DEU,Germany,Intellectual property rights,Index: 1 = maximum restriction,0
2017,OECD Digital Services Trade Restrictiveness Index,DEU,Germany,Intellectual property rights,Index: 1 = maximum restriction,0
2016,OECD Digital Services Trade Restrictiveness Index,DEU,Germany,Intellectual property rights,Index: 1 = maximum restriction,0
2015,OECD Digital Services Trade Restrictiveness Index,DEU,Germany,Intellectual property rights,Index: 1 = maximum restriction,0
2014,OECD Digital Services Trade Restrictiveness Index,DEU,Germany,Intellectual property rights,Index: 1 = maximum restriction,0
2020,OECD Digital Services Trade Restrictiveness Index,DEU,Germany,Intellectual property rights,Index: 1 = maximum restriction,0
2019,OECD Digital Services Trade Restrictiveness Index,DEU,Germany,Intellectual property rights,Index: 1 = maximum restriction,0
2024,OECD Digital Services Trade Restrictiveness Index,GRC,Greece,Infrastructure and connectivity,Index: 1 = maximum restriction,0.08
2023,OECD Digital Services Trade Restrictiveness Index,GRC,Greece,Infrastructure and connectivity,Index: 1 = maximum restriction,0.08
2022,OECD Digital Services Trade Restrictiveness Index,GRC,Greece,Infrastructure and connectivity,Index: 1 = maximum restriction,0.08
2021,OECD Digital Services Trade Restrictiveness Index,GRC,Greece,Infrastructure and connectivity,Index: 1 = maximum restriction,0.08
2018,OECD Digital Services Trade Restrictiveness Index,GRC,Greece,Infrastructure and connectivity,Index: 1 = maximum restriction,0.08
2017,OECD Digital Services Trade Restrictiveness Index,GRC,Greece,Infrastructure and connectivity,Index: 1 = maximum restriction,0.08
2016,OECD Digital Services Trade Restrictiveness Index,GRC,Greece,Infrastructure and connectivity,Index: 1 = maximum restriction,0.08
2015,OECD Digital Services Trade Restrictiveness Index,GRC,Greece,Infrastructure and connectivity,Index: 1 = maximum restriction,0.08
2014,OECD Digital Services Trade Restrictiveness Index,GRC,Greece,Infrastructure and connectivity,Index: 1 = maximum restriction,0.08
2020,OECD Digital Services Trade Restrictiveness Index,GRC,Greece,Infrastructure and connectivity,Index: 1 = maximum restriction,0.08
2019,OECD Digital Services Trade Restrictiveness Index,GRC,Greece,Infrastructure and connectivity,Index: 1 = maximum restriction,0.08
2024,OECD Digital Services Trade Restrictiveness Index,GRC,Greece,Indicator DSTRI,Index: 1 = maximum restriction,0.14
2023,OECD Digital Services Trade Restrictiveness Index,GRC,Greece,Indicator DSTRI,Index: 1 = maximum restriction,0.14
2022,OECD Digital Services Trade Restrictiveness Index,GRC,Greece,Indicator DSTRI,Index: 1 = maximum restriction,0.14
2021,OECD Digital Services Trade Restrictiveness Index,GRC,Greece,Indicator DSTRI,Index: 1 = maximum restriction,0.14
2018,OECD Digital Services Trade Restrictiveness Index,GRC,Greece,Indicator DSTRI,Index: 1 = maximum restriction,0.14
2017,OECD Digital Services Trade Restrictiveness Index,GRC,Greece,Indicator DSTRI,Index: 1 = maximum restriction,0.12
2016,OECD Digital Services Trade Restrictiveness Index,GRC,Greece,Indicator DSTRI,Index: 1 = maximum restriction,0.12
2015,OECD Digital Services Trade Restrictiveness Index,GRC,Greece,Indicator DSTRI,Index: 1 = maximum restriction,0.12
2014,OECD Digital Services Trade Restrictiveness Index,GRC,Greece,Indicator DSTRI,Index: 1 = maximum restriction,0.12
2020,OECD Digital Services Trade Restrictiveness Index,GRC,Greece,Indicator DSTRI,Index: 1 = maximum restriction,0.14
2019,OECD Digital Services Trade Restrictiveness Index,GRC,Greece,Indicator DSTRI,Index: 1 = maximum restriction,0.14
2024,OECD Digital Services Trade Restrictiveness Index,GRC,Greece,Electronic transactions,Index: 1 = maximum restriction,0.02
2023,OECD Digital Services Trade Restrictiveness Index,GRC,Greece,Electronic transactions,Index: 1 = maximum restriction,0.02
2022,OECD Digital Services Trade Restrictiveness Index,GRC,Greece,Electronic transactions,Index: 1 = maximum restriction,0.02
2021,OECD Digital Services Trade Restrictiveness Index,GRC,Greece,Electronic transactions,Index: 1 = maximum restriction,0.02
2018,OECD Digital Services Trade Restrictiveness Index,GRC,Greece,Electronic transactions,Index: 1 = maximum restriction,0.02
2017,OECD Digital Services Trade Restrictiveness Index,GRC,Greece,Electronic transactions,Index: 1 = maximum restriction,0.02
2016,OECD Digital Services Trade Restrictiveness Index,GRC,Greece,Electronic transactions,Index: 1 = maximum restriction,0.02
2015,OECD Digital Services Trade Restrictiveness Index,GRC,Greece,Electronic transactions,Index: 1 = maximum restriction,0.02
2014,OECD Digital Services Trade Restrictiveness Index,GRC,Greece,Electronic transactions,Index: 1 = maximum restriction,0.02
2020,OECD Digital Services Trade Restrictiveness Index,GRC,Greece,Electronic transactions,Index: 1 = maximum restriction,0.02
2019,OECD Digital Services Trade Restrictiveness Index,GRC,Greece,Electronic transactions,Index: 1 = maximum restriction,0.02
2024,OECD Digital Services Trade Restrictiveness Index,GRC,Greece,Other barriers affecting trade in digitally enabled services,Index: 1 = maximum restriction,0.04
2023,OECD Digital Services Trade Restrictiveness Index,GRC,Greece,Other barriers affecting trade in digitally enabled services,Index: 1 = maximum restriction,0.04
2022,OECD Digital Services Trade Restrictiveness Index,GRC,Greece,Other barriers affecting trade in digitally enabled services,Index: 1 = maximum restriction,0.04
2021,OECD Digital Services Trade Restrictiveness Index,GRC,Greece,Other barriers affecting trade in digitally enabled services,Index: 1 = maximum restriction,0.04
2018,OECD Digital Services Trade Restrictiveness Index,GRC,Greece,Other barriers affecting trade in digitally enabled services,Index: 1 = maximum restriction,0.04
2017,OECD Digital Services Trade Restrictiveness Index,GRC,Greece,Other barriers affecting trade in digitally enabled services,Index: 1 = maximum restriction,0.02
2016,OECD Digital Services Trade Restrictiveness Index,GRC,Greece,Other barriers affecting trade in digitally enabled services,Index: 1 = maximum restriction,0.02
2015,OECD Digital Services Trade Restrictiveness Index,GRC,Greece,Other barriers affecting trade in digitally enabled services,Index: 1 = maximum restriction,0.02
2014,OECD Digital Services Trade Restrictiveness Index,GRC,Greece,Other barriers affecting trade in digitally enabled services,Index: 1 = maximum restriction,0.02
2020,OECD Digital Services Trade Restrictiveness Index,GRC,Greece,Other barriers affecting trade in digitally enabled services,Index: 1 = maximum restriction,0.04
2019,OECD Digital Services Trade Restrictiveness Index,GRC,Greece,Other barriers affecting trade in digitally enabled services,Index: 1 = maximum restriction,0.04
2024,OECD Digital Services Trade Restrictiveness Index,GRC,Greece,Payment system,Index: 1 = maximum restriction,0
2023,OECD Digital Services Trade Restrictiveness Index,GRC,Greece,Payment system,Index: 1 = maximum restriction,0
2022,OECD Digital Services Trade Restrictiveness Index,GRC,Greece,Payment system,Index: 1 = maximum restriction,0
2021,OECD Digital Services Trade Restrictiveness Index,GRC,Greece,Payment system,Index: 1 = maximum restriction,0
2018,OECD Digital Services Trade Restrictiveness Index,GRC,Greece,Payment system,Index: 1 = maximum restriction,0
2017,OECD Digital Services Trade Restrictiveness Index,GRC,Greece,Payment system,Index: 1 = maximum restriction,0
2016,OECD Digital Services Trade Restrictiveness Index,GRC,Greece,Payment system,Index: 1 = maximum restriction,0
2015,OECD Digital Services Trade Restrictiveness Index,GRC,Greece,Payment system,Index: 1 = maximum restriction,0
2014,OECD Digital Services Trade Restrictiveness Index,GRC,Greece,Payment system,Index: 1 = maximum restriction,0
2020,OECD Digital Services Trade Restrictiveness Index,GRC,Greece,Payment system,Index: 1 = maximum restriction,0
2019,OECD Digital Services Trade Restrictiveness Index,GRC,Greece,Payment system,Index: 1 = maximum restriction,0
2024,OECD Digital Services Trade Restrictiveness Index,GRC,Greece,Intellectual property rights,Index: 1 = maximum restriction,0
2023,OECD Digital Services Trade Restrictiveness Index,GRC,Greece,Intellectual property rights,Index: 1 = maximum restriction,0
2022,OECD Digital Services Trade Restrictiveness Index,GRC,Greece,Intellectual property rights,Index: 1 = maximum restriction,0
2021,OECD Digital Services Trade Restrictiveness Index,GRC,Greece,Intellectual property rights,Index: 1 = maximum restriction,0
2018,OECD Digital Services Trade Restrictiveness Index,GRC,Greece,Intellectual property rights,Index: 1 = maximum restriction,0
2017,OECD Digital Services Trade Restrictiveness Index,GRC,Greece,Intellectual property rights,Index: 1 = maximum restriction,0
2016,OECD Digital Services Trade Restrictiveness Index,GRC,Greece,Intellectual property rights,Index: 1 = maximum restriction,0
2015,OECD Digital Services Trade Restrictiveness Index,GRC,Greece,Intellectual property rights,Index: 1 = maximum restriction,0
2014,OECD Digital Services Trade Restrictiveness Index,GRC,Greece,Intellectual property rights,Index: 1 = maximum restriction,0
2020,OECD Digital Services Trade Restrictiveness Index,GRC,Greece,Intellectual property rights,Index: 1 = maximum restriction,0
2019,OECD Digital Services Trade Restrictiveness Index,GRC,Greece,Intellectual property rights,Index: 1 = maximum restriction,0
2024,OECD Digital Services Trade Restrictiveness Index,HUN,Hungary,Infrastructure and connectivity,Index: 1 = maximum restriction,0.04
2023,OECD Digital Services Trade Restrictiveness Index,HUN,Hungary,Infrastructure and connectivity,Index: 1 = maximum restriction,0.04
2022,OECD Digital Services Trade Restrictiveness Index,HUN,Hungary,Infrastructure and connectivity,Index: 1 = maximum restriction,0.04
2021,OECD Digital Services Trade Restrictiveness Index,HUN,Hungary,Infrastructure and connectivity,Index: 1 = maximum restriction,0.04
2018,OECD Digital Services Trade Restrictiveness Index,HUN,Hungary,Infrastructure and connectivity,Index: 1 = maximum restriction,0.04
2017,OECD Digital Services Trade Restrictiveness Index,HUN,Hungary,Infrastructure and connectivity,Index: 1 = maximum restriction,0.04
2016,OECD Digital Services Trade Restrictiveness Index,HUN,Hungary,Infrastructure and connectivity,Index: 1 = maximum restriction,0.04
2015,OECD Digital Services Trade Restrictiveness Index,HUN,Hungary,Infrastructure and connectivity,Index: 1 = maximum restriction,0.04
2014,OECD Digital Services Trade Restrictiveness Index,HUN,Hungary,Infrastructure and connectivity,Index: 1 = maximum restriction,0.04
2020,OECD Digital Services Trade Restrictiveness Index,HUN,Hungary,Infrastructure and connectivity,Index: 1 = maximum restriction,0.04
2019,OECD Digital Services Trade Restrictiveness Index,HUN,Hungary,Infrastructure and connectivity,Index: 1 = maximum restriction,0.04
2024,OECD Digital Services Trade Restrictiveness Index,HUN,Hungary,Indicator DSTRI,Index: 1 = maximum restriction,0.13
2023,OECD Digital Services Trade Restrictiveness Index,HUN,Hungary,Indicator DSTRI,Index: 1 = maximum restriction,0.13
2022,OECD Digital Services Trade Restrictiveness Index,HUN,Hungary,Indicator DSTRI,Index: 1 = maximum restriction,0.13
2021,OECD Digital Services Trade Restrictiveness Index,HUN,Hungary,Indicator DSTRI,Index: 1 = maximum restriction,0.13
2018,OECD Digital Services Trade Restrictiveness Index,HUN,Hungary,Indicator DSTRI,Index: 1 = maximum restriction,0.13
2017,OECD Digital Services Trade Restrictiveness Index,HUN,Hungary,Indicator DSTRI,Index: 1 = maximum restriction,0.1
2016,OECD Digital Services Trade Restrictiveness Index,HUN,Hungary,Indicator DSTRI,Index: 1 = maximum restriction,0.1
2015,OECD Digital Services Trade Restrictiveness Index,HUN,Hungary,Indicator DSTRI,Index: 1 = maximum restriction,0.1
2014,OECD Digital Services Trade Restrictiveness Index,HUN,Hungary,Indicator DSTRI,Index: 1 = maximum restriction,0.1
2020,OECD Digital Services Trade Restrictiveness Index,HUN,Hungary,Indicator DSTRI,Index: 1 = maximum restriction,0.13
2019,OECD Digital Services Trade Restrictiveness Index,HUN,Hungary,Indicator DSTRI,Index: 1 = maximum restriction,0.13
2024,OECD Digital Services Trade Restrictiveness Index,HUN,Hungary,Electronic transactions,Index: 1 = maximum restriction,0.04
2023,OECD Digital Services Trade Restrictiveness Index,HUN,Hungary,Electronic transactions,Index: 1 = maximum restriction,0.04
2022,OECD Digital Services Trade Restrictiveness Index,HUN,Hungary,Electronic transactions,Index: 1 = maximum restriction,0.04
2021,OECD Digital Services Trade Restrictiveness Index,HUN,Hungary,Electronic transactions,Index: 1 = maximum restriction,0.04
2018,OECD Digital Services Trade Restrictiveness Index,HUN,Hungary,Electronic transactions,Index: 1 = maximum restriction,0.04
2017,OECD Digital Services Trade Restrictiveness Index,HUN,Hungary,Electronic transactions,Index: 1 = maximum restriction,0.04
2016,OECD Digital Services Trade Restrictiveness Index,HUN,Hungary,Electronic transactions,Index: 1 = maximum restriction,0.04
2015,OECD Digital Services Trade Restrictiveness Index,HUN,Hungary,Electronic transactions,Index: 1 = maximum restriction,0.04
2014,OECD Digital Services Trade Restrictiveness Index,HUN,Hungary,Electronic transactions,Index: 1 = maximum restriction,0.04
2020,OECD Digital Services Trade Restrictiveness Index,HUN,Hungary,Electronic transactions,Index: 1 = maximum restriction,0.04
2019,OECD Digital Services Trade Restrictiveness Index,HUN,Hungary,Electronic transactions,Index: 1 = maximum restriction,0.04
2024,OECD Digital Services Trade Restrictiveness Index,HUN,Hungary,Other barriers affecting trade in digitally enabled services,Index: 1 = maximum restriction,0.04
2023,OECD Digital Services Trade Restrictiveness Index,HUN,Hungary,Other barriers affecting trade in digitally enabled services,Index: 1 = maximum restriction,0.04
2022,OECD Digital Services Trade Restrictiveness Index,HUN,Hungary,Other barriers affecting trade in digitally enabled services,Index: 1 = maximum restriction,0.04
2021,OECD Digital Services Trade Restrictiveness Index,HUN,Hungary,Other barriers affecting trade in digitally enabled services,Index: 1 = maximum restriction,0.04
2018,OECD Digital Services Trade Restrictiveness Index,HUN,Hungary,Other barriers affecting trade in digitally enabled services,Index: 1 = maximum restriction,0.04
2017,OECD Digital Services Trade Restrictiveness Index,HUN,Hungary,Other barriers affecting trade in digitally enabled services,Index: 1 = maximum restriction,0.02
2016,OECD Digital Services Trade Restrictiveness Index,HUN,Hungary,Other barriers affecting trade in digitally enabled services,Index: 1 = maximum restriction,0.02
2015,OECD Digital Services Trade Restrictiveness Index,HUN,Hungary,Other barriers affecting trade in digitally enabled services,Index: 1 = maximum restriction,0.02
2014,OECD Digital Services Trade Restrictiveness Index,HUN,Hungary,Other barriers affecting trade in digitally enabled services,Index: 1 = maximum restriction,0.02
2020,OECD Digital Services Trade Restrictiveness Index,HUN,Hungary,Other barriers affecting trade in digitally enabled services,Index: 1 = maximum restriction,0.04
2019,OECD Digital Services Trade Restrictiveness Index,HUN,Hungary,Other barriers affecting trade in digitally enabled services,Index: 1 = maximum restriction,0.04
2024,OECD Digital Services Trade Restrictiveness Index,HUN,Hungary,Payment system,Index: 1 = maximum restriction,0
2023,OECD Digital Services Trade Restrictiveness Index,HUN,Hungary,Payment system,Index: 1 = maximum restriction,0
2022,OECD Digital Services Trade Restrictiveness Index,HUN,Hungary,Payment system,Index: 1 = maximum restriction,0
2021,OECD Digital Services Trade Restrictiveness Index,HUN,Hungary,Payment system,Index: 1 = maximum restriction,0
2018,OECD Digital Services Trade Restrictiveness Index,HUN,Hungary,Payment system,Index: 1 = maximum restriction,0
2017,OECD Digital Services Trade Restrictiveness Index,HUN,Hungary,Payment system,Index: 1 = maximum restriction,0
2016,OECD Digital Services Trade Restrictiveness Index,HUN,Hungary,Payment system,Index: 1 = maximum restriction,0
2015,OECD Digital Services Trade Restrictiveness Index,HUN,Hungary,Payment system,Index: 1 = maximum restriction,0
2014,OECD Digital Services Trade Restrictiveness Index,HUN,Hungary,Payment system,Index: 1 = maximum restriction,0
2020,OECD Digital Services Trade Restrictiveness Index,HUN,Hungary,Payment system,Index: 1 = maximum restriction,0
2019,OECD Digital Services Trade Restrictiveness Index,HUN,Hungary,Payment system,Index: 1 = maximum restriction,0
2024,OECD Digital Services Trade Restrictiveness Index,HUN,Hungary,Intellectual property rights,Index: 1 = maximum restriction,0
2023,OECD Digital Services Trade Restrictiveness Index,HUN,Hungary,Intellectual property rights,Index: 1 = maximum restriction,0
2022,OECD Digital Services Trade Restrictiveness Index,HUN,Hungary,Intellectual property rights,Index: 1 = maximum restriction,0
2021,OECD Digital Services Trade Restrictiveness Index,HUN,Hungary,Intellectual property rights,Index: 1 = maximum restriction,0
2018,OECD Digital Services Trade Restrictiveness Index,HUN,Hungary,Intellectual property rights,Index: 1 = maximum restriction,0
2017,OECD Digital Services Trade Restrictiveness Index,HUN,Hungary,Intellectual property rights,Index: 1 = maximum restriction,0
2016,OECD Digital Services Trade Restrictiveness Index,HUN,Hungary,Intellectual property rights,Index: 1 = maximum restriction,0
2015,OECD Digital Services Trade Restrictiveness Index,HUN,Hungary,Intellectual property rights,Index: 1 = maximum restriction,0
2014,OECD Digital Services Trade Restrictiveness Index,HUN,Hungary,Intellectual property rights,Index: 1 = maximum restriction,0
2020,OECD Digital Services Trade Restrictiveness Index,HUN,Hungary,Intellectual property rights,Index: 1 = maximum restriction,0
2019,OECD Digital Services Trade Restrictiveness Index,HUN,Hungary,Intellectual property rights,Index: 1 = maximum restriction,0
2024,OECD Digital Services Trade Restrictiveness Index,ISL,Iceland,Infrastructure and connectivity,Index: 1 = maximum restriction,0.12
2023,OECD Digital Services Trade Restrictiveness Index,ISL,Iceland,Infrastructure and connectivity,Index: 1 = maximum restriction,0.12
2022,OECD Digital Services Trade Restrictiveness Index,ISL,Iceland,Infrastructure and connectivity,Index: 1 = maximum restriction,0.12
2021,OECD Digital Services Trade Restrictiveness Index,ISL,Iceland,Infrastructure and connectivity,Index: 1 = maximum restriction,0.12
2018,OECD Digital Services Trade Restrictiveness Index,ISL,Iceland,Infrastructure and connectivity,Index: 1 = maximum restriction,0.12
2017,OECD Digital Services Trade Restrictiveness Index,ISL,Iceland,Infrastructure and connectivity,Index: 1 = maximum restriction,0.12
2016,OECD Digital Services Trade Restrictiveness Index,ISL,Iceland,Infrastructure and connectivity,Index: 1 = maximum restriction,0
2015,OECD Digital Services Trade Restrictiveness Index,ISL,Iceland,Infrastructure and connectivity,Index: 1 = maximum restriction,0
2014,OECD Digital Services Trade Restrictiveness Index,ISL,Iceland,Infrastructure and connectivity,Index: 1 = maximum restriction,0
2020,OECD Digital Services Trade Restrictiveness Index,ISL,Iceland,Infrastructure and connectivity,Index: 1 = maximum restriction,0.12
2019,OECD Digital Services Trade Restrictiveness Index,ISL,Iceland,Infrastructure and connectivity,Index: 1 = maximum restriction,0.12
2024,OECD Digital Services Trade Restrictiveness Index,ISL,Iceland,Indicator DSTRI,Index: 1 = maximum restriction,0.23
2023,OECD Digital Services Trade Restrictiveness Index,ISL,Iceland,Indicator DSTRI,Index: 1 = maximum restriction,0.23
2022,OECD Digital Services Trade Restrictiveness Index,ISL,Iceland,Indicator DSTRI,Index: 1 = maximum restriction,0.23
2021,OECD Digital Services Trade Restrictiveness Index,ISL,Iceland,Indicator DSTRI,Index: 1 = maximum restriction,0.23
2018,OECD Digital Services Trade Restrictiveness Index,ISL,Iceland,Indicator DSTRI,Index: 1 = maximum restriction,0.23
2017,OECD Digital Services Trade Restrictiveness Index,ISL,Iceland,Indicator DSTRI,Index: 1 = maximum restriction,0.23
2016,OECD Digital Services Trade Restrictiveness Index,ISL,Iceland,Indicator DSTRI,Index: 1 = maximum restriction,0.11
2015,OECD Digital Services Trade Restrictiveness Index,ISL,Iceland,Indicator DSTRI,Index: 1 = maximum restriction,0.11
2014,OECD Digital Services Trade Restrictiveness Index,ISL,Iceland,Indicator DSTRI,Index: 1 = maximum restriction,0.11
2020,OECD Digital Services Trade Restrictiveness Index,ISL,Iceland,Indicator DSTRI,Index: 1 = maximum restriction,0.23
2019,OECD Digital Services Trade Restrictiveness Index,ISL,Iceland,Indicator DSTRI,Index: 1 = maximum restriction,0.23
2024,OECD Digital Services Trade Restrictiveness Index,ISL,Iceland,Electronic transactions,Index: 1 = maximum restriction,0.02
2023,OECD Digital Services Trade Restrictiveness Index,ISL,Iceland,Electronic transactions,Index: 1 = maximum restriction,0.02
2022,OECD Digital Services Trade Restrictiveness Index,ISL,Iceland,Electronic transactions,Index: 1 = maximum restriction,0.02
2021,OECD Digital Services Trade Restrictiveness Index,ISL,Iceland,Electronic transactions,Index: 1 = maximum restriction,0.02
2018,OECD Digital Services Trade Restrictiveness Index,ISL,Iceland,Electronic transactions,Index: 1 = maximum restriction,0.02
2017,OECD Digital Services Trade Restrictiveness Index,ISL,Iceland,Electronic transactions,Index: 1 = maximum restriction,0.02
2016,OECD Digital Services Trade Restrictiveness Index,ISL,Iceland,Electronic transactions,Index: 1 = maximum restriction,0.02
2015,OECD Digital Services Trade Restrictiveness Index,ISL,Iceland,Electronic transactions,Index: 1 = maximum restriction,0.02
2014,OECD Digital Services Trade Restrictiveness Index,ISL,Iceland,Electronic transactions,Index: 1 = maximum restriction,0.02
2020,OECD Digital Services Trade Restrictiveness Index,ISL,Iceland,Electronic transactions,Index: 1 = maximum restriction,0.02
2019,OECD Digital Services Trade Restrictiveness Index,ISL,Iceland,Electronic transactions,Index: 1 = maximum restriction,0.02
2024,OECD Digital Services Trade Restrictiveness Index,ISL,Iceland,Other barriers affecting trade in digitally enabled services,Index: 1 = maximum restriction,0.04
2023,OECD Digital Services Trade Restrictiveness Index,ISL,Iceland,Other barriers affecting trade in digitally enabled services,Index: 1 = maximum restriction,0.04
2022,OECD Digital Services Trade Restrictiveness Index,ISL,Iceland,Other barriers affecting trade in digitally enabled services,Index: 1 = maximum restriction,0.04
2021,OECD Digital Services Trade Restrictiveness Index,ISL,Iceland,Other barriers affecting trade in digitally enabled services,Index: 1 = maximum restriction,0.04
2018,OECD Digital Services Trade Restrictiveness Index,ISL,Iceland,Other barriers affecting trade in digitally enabled services,Index: 1 = maximum restriction,0.04
2017,OECD Digital Services Trade Restrictiveness Index,ISL,Iceland,Other barriers affecting trade in digitally enabled services,Index: 1 = maximum restriction,0.04
2016,OECD Digital Services Trade Restrictiveness Index,ISL,Iceland,Other barriers affecting trade in digitally enabled services,Index: 1 = maximum restriction,0.04
2015,OECD Digital Services Trade Restrictiveness Index,ISL,Iceland,Other barriers affecting trade in digitally enabled services,Index: 1 = maximum restriction,0.04
2014,OECD Digital Services Trade Restrictiveness Index,ISL,Iceland,Other barriers affecting trade in digitally enabled services,Index: 1 = maximum restriction,0.04
2020,OECD Digital Services Trade Restrictiveness Index,ISL,Iceland,Other barriers affecting trade in digitally enabled services,Index: 1 = maximum restriction,0.04
2019,OECD Digital Services Trade Restrictiveness Index,ISL,Iceland,Other barriers affecting trade in digitally enabled services,Index: 1 = maximum restriction,0.04
2024,OECD Digital Services Trade Restrictiveness Index,ISL,Iceland,Payment system,Index: 1 = maximum restriction,0
2023,OECD Digital Services Trade Restrictiveness Index,ISL,Iceland,Payment system,Index: 1 = maximum restriction,0
2022,OECD Digital Services Trade Restrictiveness Index,ISL,Iceland,Payment system,Index: 1 = maximum restriction,0
2021,OECD Digital Services Trade Restrictiveness Index,ISL,Iceland,Payment system,Index: 1 = maximum restriction,0
2018,OECD Digital Services Trade Restrictiveness Index,ISL,Iceland,Payment system,Index: 1 = maximum restriction,0
2017,OECD Digital Services Trade Restrictiveness Index,ISL,Iceland,Payment system,Index: 1 = maximum restriction,0
2016,OECD Digital Services Trade Restrictiveness Index,ISL,Iceland,Payment system,Index: 1 = maximum restriction,0
2015,OECD Digital Services Trade Restrictiveness Index,ISL,Iceland,Payment system,Index: 1 = maximum restriction,0
2014,OECD Digital Services Trade Restrictiveness Index,ISL,Iceland,Payment system,Index: 1 = maximum restriction,0
2020,OECD Digital Services Trade Restrictiveness Index,ISL,Iceland,Payment system,Index: 1 = maximum restriction,0
2019,OECD Digital Services Trade Restrictiveness Index,ISL,Iceland,Payment system,Index: 1 = maximum restriction,0
2024,OECD Digital Services Trade Restrictiveness Index,ISL,Iceland,Intellectual property rights,Index: 1 = maximum restriction,0.04
2023,OECD Digital Services Trade Restrictiveness Index,ISL,Iceland,Intellectual property rights,Index: 1 = maximum restriction,0.04
2022,OECD Digital Services Trade Restrictiveness Index,ISL,Iceland,Intellectual property rights,Index: 1 = maximum restriction,0.04
2021,OECD Digital Services Trade Restrictiveness Index,ISL,Iceland,Intellectual property rights,Index: 1 = maximum restriction,0.04
2018,OECD Digital Services Trade Restrictiveness Index,ISL,Iceland,Intellectual property rights,Index: 1 = maximum restriction,0.04
2017,OECD Digital Services Trade Restrictiveness Index,ISL,Iceland,Intellectual property rights,Index: 1 = maximum restriction,0.04
2016,OECD Digital Services Trade Restrictiveness Index,ISL,Iceland,Intellectual property rights,Index: 1 = maximum restriction,0.04
2015,OECD Digital Services Trade Restrictiveness Index,ISL,Iceland,Intellectual property rights,Index: 1 = maximum restriction,0.04
2014,OECD Digital Services Trade Restrictiveness Index,ISL,Iceland,Intellectual property rights,Index: 1 = maximum restriction,0.04
2020,OECD Digital Services Trade Restrictiveness Index,ISL,Iceland,Intellectual property rights,Index: 1 = maximum restriction,0.04
2019,OECD Digital Services Trade Restrictiveness Index,ISL,Iceland,Intellectual property rights,Index: 1 = maximum restriction,0.04
2024,OECD Digital Services Trade Restrictiveness Index,IRL,Ireland,Infrastructure and connectivity,Index: 1 = maximum restriction,0.04
2023,OECD Digital Services Trade Restrictiveness Index,IRL,Ireland,Infrastructure and connectivity,Index: 1 = maximum restriction,0.04
2022,OECD Digital Services Trade Restrictiveness Index,IRL,Ireland,Infrastructure and connectivity,Index: 1 = maximum restriction,0.04
2021,OECD Digital Services Trade Restrictiveness Index,IRL,Ireland,Infrastructure and connectivity,Index: 1 = maximum restriction,0.04
2018,OECD Digital Services Trade Restrictiveness Index,IRL,Ireland,Infrastructure and connectivity,Index: 1 = maximum restriction,0.04
2017,OECD Digital Services Trade Restrictiveness Index,IRL,Ireland,Infrastructure and connectivity,Index: 1 = maximum restriction,0.04
2016,OECD Digital Services Trade Restrictiveness Index,IRL,Ireland,Infrastructure and connectivity,Index: 1 = maximum restriction,0.04
2015,OECD Digital Services Trade Restrictiveness Index,IRL,Ireland,Infrastructure and connectivity,Index: 1 = maximum restriction,0.04
2014,OECD Digital Services Trade Restrictiveness Index,IRL,Ireland,Infrastructure and connectivity,Index: 1 = maximum restriction,0.04
2020,OECD Digital Services Trade Restrictiveness Index,IRL,Ireland,Infrastructure and connectivity,Index: 1 = maximum restriction,0.04
2019,OECD Digital Services Trade Restrictiveness Index,IRL,Ireland,Infrastructure and connectivity,Index: 1 = maximum restriction,0.04
2024,OECD Digital Services Trade Restrictiveness Index,IRL,Ireland,Indicator DSTRI,Index: 1 = maximum restriction,0.08
2023,OECD Digital Services Trade Restrictiveness Index,IRL,Ireland,Indicator DSTRI,Index: 1 = maximum restriction,0.08
2022,OECD Digital Services Trade Restrictiveness Index,IRL,Ireland,Indicator DSTRI,Index: 1 = maximum restriction,0.08
2021,OECD Digital Services Trade Restrictiveness Index,IRL,Ireland,Indicator DSTRI,Index: 1 = maximum restriction,0.08
2018,OECD Digital Services Trade Restrictiveness Index,IRL,Ireland,Indicator DSTRI,Index: 1 = maximum restriction,0.08
2017,OECD Digital Services Trade Restrictiveness Index,IRL,Ireland,Indicator DSTRI,Index: 1 = maximum restriction,0.08
2016,OECD Digital Services Trade Restrictiveness Index,IRL,Ireland,Indicator DSTRI,Index: 1 = maximum restriction,0.08
2015,OECD Digital Services Trade Restrictiveness Index,IRL,Ireland,Indicator DSTRI,Index: 1 = maximum restriction,0.08
2014,OECD Digital Services Trade Restrictiveness Index,IRL,Ireland,Indicator DSTRI,Index: 1 = maximum restriction,0.08
2020,OECD Digital Services Trade Restrictiveness Index,IRL,Ireland,Indicator DSTRI,Index: 1 = maximum restriction,0.08
2019,OECD Digital Services Trade Restrictiveness Index,IRL,Ireland,Indicator DSTRI,Index: 1 = maximum restriction,0.08
2024,OECD Digital Services Trade Restrictiveness Index,IRL,Ireland,Electronic transactions,Index: 1 = maximum restriction,0.02
2023,OECD Digital Services Trade Restrictiveness Index,IRL,Ireland,Electronic transactions,Index: 1 = maximum restriction,0.02
2022,OECD Digital Services Trade Restrictiveness Index,IRL,Ireland,Electronic transactions,Index: 1 = maximum restriction,0.02
2021,OECD Digital Services Trade Restrictiveness Index,IRL,Ireland,Electronic transactions,Index: 1 = maximum restriction,0.02
2018,OECD Digital Services Trade Restrictiveness Index,IRL,Ireland,Electronic transactions,Index: 1 = maximum restriction,0.02
2017,OECD Digital Services Trade Restrictiveness Index,IRL,Ireland,Electronic transactions,Index: 1 = maximum restriction,0.04
2016,OECD Digital Services Trade Restrictiveness Index,IRL,Ireland,Electronic transactions,Index: 1 = maximum restriction,0.04
2015,OECD Digital Services Trade Restrictiveness Index,IRL,Ireland,Electronic transactions,Index: 1 = maximum restriction,0.04
2014,OECD Digital Services Trade Restrictiveness Index,IRL,Ireland,Electronic transactions,Index: 1 = maximum restriction,0.04
2020,OECD Digital Services Trade Restrictiveness Index,IRL,Ireland,Electronic transactions,Index: 1 = maximum restriction,0.02
2019,OECD Digital Services Trade Restrictiveness Index,IRL,Ireland,Electronic transactions,Index: 1 = maximum restriction,0.02
2024,OECD Digital Services Trade Restrictiveness Index,IRL,Ireland,Other barriers affecting trade in digitally enabled services,Index: 1 = maximum restriction,0.02
2023,OECD Digital Services Trade Restrictiveness Index,IRL,Ireland,Other barriers affecting trade in digitally enabled services,Index: 1 = maximum restriction,0.02
2022,OECD Digital Services Trade Restrictiveness Index,IRL,Ireland,Other barriers affecting trade in digitally enabled services,Index: 1 = maximum restriction,0.02
2021,OECD Digital Services Trade Restrictiveness Index,IRL,Ireland,Other barriers affecting trade in digitally enabled services,Index: 1 = maximum restriction,0.02
2018,OECD Digital Services Trade Restrictiveness Index,IRL,Ireland,Other barriers affecting trade in digitally enabled services,Index: 1 = maximum restriction,0.02
2017,OECD Digital Services Trade Restrictiveness Index,IRL,Ireland,Other barriers affecting trade in digitally enabled services,Index: 1 = maximum restriction,0
2016,OECD Digital Services Trade Restrictiveness Index,IRL,Ireland,Other barriers affecting trade in digitally enabled services,Index: 1 = maximum restriction,0
2015,OECD Digital Services Trade Restrictiveness Index,IRL,Ireland,Other barriers affecting trade in digitally enabled services,Index: 1 = maximum restriction,0
2014,OECD Digital Services Trade Restrictiveness Index,IRL,Ireland,Other barriers affecting trade in digitally enabled services,Index: 1 = maximum restriction,0
2020,OECD Digital Services Trade Restrictiveness Index,IRL,Ireland,Other barriers affecting trade in digitally enabled services,Index: 1 = maximum restriction,0.02
2019,OECD Digital Services Trade Restrictiveness Index,IRL,Ireland,Other barriers affecting trade in digitally enabled services,Index: 1 = maximum restriction,0.02
2024,OECD Digital Services Trade Restrictiveness Index,IRL,Ireland,Payment system,Index: 1 = maximum restriction,0
2023,OECD Digital Services Trade Restrictiveness Index,IRL,Ireland,Payment system,Index: 1 = maximum restriction,0
2022,OECD Digital Services Trade Restrictiveness Index,IRL,Ireland,Payment system,Index: 1 = maximum restriction,0
2021,OECD Digital Services Trade Restrictiveness Index,IRL,Ireland,Payment system,Index: 1 = maximum restriction,0
2018,OECD Digital Services Trade Restrictiveness Index,IRL,Ireland,Payment system,Index: 1 = maximum restriction,0
2017,OECD Digital Services Trade Restrictiveness Index,IRL,Ireland,Payment system,Index: 1 = maximum restriction,0
2016,OECD Digital Services Trade Restrictiveness Index,IRL,Ireland,Payment system,Index: 1 = maximum restriction,0
2015,OECD Digital Services Trade Restrictiveness Index,IRL,Ireland,Payment system,Index: 1 = maximum restriction,0
2014,OECD Digital Services Trade Restrictiveness Index,IRL,Ireland,Payment system,Index: 1 = maximum restriction,0
2020,OECD Digital Services Trade Restrictiveness Index,IRL,Ireland,Payment system,Index: 1 = maximum restriction,0
2019,OECD Digital Services Trade Restrictiveness Index,IRL,Ireland,Payment system,Index: 1 = maximum restriction,0
2024,OECD Digital Services Trade Restrictiveness Index,IRL,Ireland,Intellectual property rights,Index: 1 = maximum restriction,0
2023,OECD Digital Services Trade Restrictiveness Index,IRL,Ireland,Intellectual property rights,Index: 1 = maximum restriction,0
2022,OECD Digital Services Trade Restrictiveness Index,IRL,Ireland,Intellectual property rights,Index: 1 = maximum restriction,0
2021,OECD Digital Services Trade Restrictiveness Index,IRL,Ireland,Intellectual property rights,Index: 1 = maximum restriction,0
2018,OECD Digital Services Trade Restrictiveness Index,IRL,Ireland,Intellectual property rights,Index: 1 = maximum restriction,0
2017,OECD Digital Services Trade Restrictiveness Index,IRL,Ireland,Intellectual property rights,Index: 1 = maximum restriction,0
2016,OECD Digital Services Trade Restrictiveness Index,IRL,Ireland,Intellectual property rights,Index: 1 = maximum restriction,0
2015,OECD Digital Services Trade Restrictiveness Index,IRL,Ireland,Intellectual property rights,Index: 1 = maximum restriction,0
2014,OECD Digital Services Trade Restrictiveness Index,IRL,Ireland,Intellectual property rights,Index: 1 = maximum restriction,0
2020,OECD Digital Services Trade Restrictiveness Index,IRL,Ireland,Intellectual property rights,Index: 1 = maximum restriction,0
2019,OECD Digital Services Trade Restrictiveness Index,IRL,Ireland,Intellectual property rights,Index: 1 = maximum restriction,0
2024,OECD Digital Services Trade Restrictiveness Index,ISR,Israel,Infrastructure and connectivity,Index: 1 = maximum restriction,0.12
2023,OECD Digital Services Trade Restrictiveness Index,ISR,Israel,Infrastructure and connectivity,Index: 1 = maximum restriction,0.12
2022,OECD Digital Services Trade Restrictiveness Index,ISR,Israel,Infrastructure and connectivity,Index: 1 = maximum restriction,0.12
2021,OECD Digital Services Trade Restrictiveness Index,ISR,Israel,Infrastructure and connectivity,Index: 1 = maximum restriction,0.12
2018,OECD Digital Services Trade Restrictiveness Index,ISR,Israel,Infrastructure and connectivity,Index: 1 = maximum restriction,0.12
2017,OECD Digital Services Trade Restrictiveness Index,ISR,Israel,Infrastructure and connectivity,Index: 1 = maximum restriction,0.12
2016,OECD Digital Services Trade Restrictiveness Index,ISR,Israel,Infrastructure and connectivity,Index: 1 = maximum restriction,0.12
2015,OECD Digital Services Trade Restrictiveness Index,ISR,Israel,Infrastructure and connectivity,Index: 1 = maximum restriction,0.12
2014,OECD Digital Services Trade Restrictiveness Index,ISR,Israel,Infrastructure and connectivity,Index: 1 = maximum restriction,0.12
2020,OECD Digital Services Trade Restrictiveness Index,ISR,Israel,Infrastructure and connectivity,Index: 1 = maximum restriction,0.12
2019,OECD Digital Services Trade Restrictiveness Index,ISR,Israel,Infrastructure and connectivity,Index: 1 = maximum restriction,0.12
2024,OECD Digital Services Trade Restrictiveness Index,ISR,Israel,Indicator DSTRI,Index: 1 = maximum restriction,0.14
2023,OECD Digital Services Trade Restrictiveness Index,ISR,Israel,Indicator DSTRI,Index: 1 = maximum restriction,0.14
2022,OECD Digital Services Trade Restrictiveness Index,ISR,Israel,Indicator DSTRI,Index: 1 = maximum restriction,0.14
2021,OECD Digital Services Trade Restrictiveness Index,ISR,Israel,Indicator DSTRI,Index: 1 = maximum restriction,0.14
2018,OECD Digital Services Trade Restrictiveness Index,ISR,Israel,Indicator DSTRI,Index: 1 = maximum restriction,0.14
2017,OECD Digital Services Trade Restrictiveness Index,ISR,Israel,Indicator DSTRI,Index: 1 = maximum restriction,0.14
2016,OECD Digital Services Trade Restrictiveness Index,ISR,Israel,Indicator DSTRI,Index: 1 = maximum restriction,0.14
2015,OECD Digital Services Trade Restrictiveness Index,ISR,Israel,Indicator DSTRI,Index: 1 = maximum restriction,0.14
2014,OECD Digital Services Trade Restrictiveness Index,ISR,Israel,Indicator DSTRI,Index: 1 = maximum restriction,0.14
2020,OECD Digital Services Trade Restrictiveness Index,ISR,Israel,Indicator DSTRI,Index: 1 = maximum restriction,0.14
2019,OECD Digital Services Trade Restrictiveness Index,ISR,Israel,Indicator DSTRI,Index: 1 = maximum restriction,0.14
2024,OECD Digital Services Trade Restrictiveness Index,ISR,Israel,Electronic transactions,Index: 1 = maximum restriction,0.02
2023,OECD Digital Services Trade Restrictiveness Index,ISR,Israel,Electronic transactions,Index: 1 = maximum restriction,0.02
2022,OECD Digital Services Trade Restrictiveness Index,ISR,Israel,Electronic transactions,Index: 1 = maximum restriction,0.02
2021,OECD Digital Services Trade Restrictiveness Index,ISR,Israel,Electronic transactions,Index: 1 = maximum restriction,0.02
2018,OECD Digital Services Trade Restrictiveness Index,ISR,Israel,Electronic transactions,Index: 1 = maximum restriction,0.02
2017,OECD Digital Services Trade Restrictiveness Index,ISR,Israel,Electronic transactions,Index: 1 = maximum restriction,0.02
2016,OECD Digital Services Trade Restrictiveness Index,ISR,Israel,Electronic transactions,Index: 1 = maximum restriction,0.02
2015,OECD Digital Services Trade Restrictiveness Index,ISR,Israel,Electronic transactions,Index: 1 = maximum restriction,0.02
2014,OECD Digital Services Trade Restrictiveness Index,ISR,Israel,Electronic transactions,Index: 1 = maximum restriction,0.02
2020,OECD Digital Services Trade Restrictiveness Index,ISR,Israel,Electronic transactions,Index: 1 = maximum restriction,0.02
2019,OECD Digital Services Trade Restrictiveness Index,ISR,Israel,Electronic transactions,Index: 1 = maximum restriction,0.02
2024,OECD Digital Services Trade Restrictiveness Index,ISR,Israel,Other barriers affecting trade in digitally enabled services,Index: 1 = maximum restriction,0
2023,OECD Digital Services Trade Restrictiveness Index,ISR,Israel,Other barriers affecting trade in digitally enabled services,Index: 1 = maximum restriction,0
2022,OECD Digital Services Trade Restrictiveness Index,ISR,Israel,Other barriers affecting trade in digitally enabled services,Index: 1 = maximum restriction,0
2021,OECD Digital Services Trade Restrictiveness Index,ISR,Israel,Other barriers affecting trade in digitally enabled services,Index: 1 = maximum restriction,0
2018,OECD Digital Services Trade Restrictiveness Index,ISR,Israel,Other barriers affecting trade in digitally enabled services,Index: 1 = maximum restriction,0
2017,OECD Digital Services Trade Restrictiveness Index,ISR,Israel,Other barriers affecting trade in digitally enabled services,Index: 1 = maximum restriction,0
2016,OECD Digital Services Trade Restrictiveness Index,ISR,Israel,Other barriers affecting trade in digitally enabled services,Index: 1 = maximum restriction,0
2015,OECD Digital Services Trade Restrictiveness Index,ISR,Israel,Other barriers affecting trade in digitally enabled services,Index: 1 = maximum restriction,0
2014,OECD Digital Services Trade Restrictiveness Index,ISR,Israel,Other barriers affecting trade in digitally enabled services,Index: 1 = maximum restriction,0
2020,OECD Digital Services Trade Restrictiveness Index,ISR,Israel,Other barriers affecting trade in digitally enabled services,Index: 1 = maximum restriction,0
2019,OECD Digital Services Trade Restrictiveness Index,ISR,Israel,Other barriers affecting trade in digitally enabled services,Index: 1 = maximum restriction,0
2024,OECD Digital Services Trade Restrictiveness Index,ISR,Israel,Payment system,Index: 1 = maximum restriction,0
2023,OECD Digital Services Trade Restrictiveness Index,ISR,Israel,Payment system,Index: 1 = maximum restriction,0
2022,OECD Digital Services Trade Restrictiveness Index,ISR,Israel,Payment system,Index: 1 = maximum restriction,0
2021,OECD Digital Services Trade Restrictiveness Index,ISR,Israel,Payment system,Index: 1 = maximum restriction,0
2018,OECD Digital Services Trade Restrictiveness Index,ISR,Israel,Payment system,Index: 1 = maximum restriction,0
2017,OECD Digital Services Trade Restrictiveness Index,ISR,Israel,Payment system,Index: 1 = maximum restriction,0
2016,OECD Digital Services Trade Restrictiveness Index,ISR,Israel,Payment system,Index: 1 = maximum restriction,0
2015,OECD Digital Services Trade Restrictiveness Index,ISR,Israel,Payment system,Index: 1 = maximum restriction,0
2014,OECD Digital Services Trade Restrictiveness Index,ISR,Israel,Payment system,Index: 1 = maximum restriction,0
2020,OECD Digital Services Trade Restrictiveness Index,ISR,Israel,Payment system,Index: 1 = maximum restriction,0
2019,OECD Digital Services Trade Restrictiveness Index,ISR,Israel,Payment system,Index: 1 = maximum restriction,0
2024,OECD Digital Services Trade Restrictiveness Index,ISR,Israel,Intellectual property rights,Index: 1 = maximum restriction,0
2023,OECD Digital Services Trade Restrictiveness Index,ISR,Israel,Intellectual property rights,Index: 1 = maximum restriction,0
2022,OECD Digital Services Trade Restrictiveness Index,ISR,Israel,Intellectual property rights,Index: 1 = maximum restriction,0
2021,OECD Digital Services Trade Restrictiveness Index,ISR,Israel,Intellectual property rights,Index: 1 = maximum restriction,0
2018,OECD Digital Services Trade Restrictiveness Index,ISR,Israel,Intellectual property rights,Index: 1 = maximum restriction,0
2017,OECD Digital Services Trade Restrictiveness Index,ISR,Israel,Intellectual property rights,Index: 1 = maximum restriction,0
2016,OECD Digital Services Trade Restrictiveness Index,ISR,Israel,Intellectual property rights,Index: 1 = maximum restriction,0
2015,OECD Digital Services Trade Restrictiveness Index,ISR,Israel,Intellectual property rights,Index: 1 = maximum restriction,0
2014,OECD Digital Services Trade Restrictiveness Index,ISR,Israel,Intellectual property rights,Index: 1 = maximum restriction,0
2020,OECD Digital Services Trade Restrictiveness Index,ISR,Israel,Intellectual property rights,Index: 1 = maximum restriction,0
2019,OECD Digital Services Trade Restrictiveness Index,ISR,Israel,Intellectual property rights,Index: 1 = maximum restriction,0
2024,OECD Digital Services Trade Restrictiveness Index,ITA,Italy,Infrastructure and connectivity,Index: 1 = maximum restriction,0
2023,OECD Digital Services Trade Restrictiveness Index,ITA,Italy,Infrastructure and connectivity,Index: 1 = maximum restriction,0
2022,OECD Digital Services Trade Restrictiveness Index,ITA,Italy,Infrastructure and connectivity,Index: 1 = maximum restriction,0
2021,OECD Digital Services Trade Restrictiveness Index,ITA,Italy,Infrastructure and connectivity,Index: 1 = maximum restriction,0
2018,OECD Digital Services Trade Restrictiveness Index,ITA,Italy,Infrastructure and connectivity,Index: 1 = maximum restriction,0
2017,OECD Digital Services Trade Restrictiveness Index,ITA,Italy,Infrastructure and connectivity,Index: 1 = maximum restriction,0
2016,OECD Digital Services Trade Restrictiveness Index,ITA,Italy,Infrastructure and connectivity,Index: 1 = maximum restriction,0
2015,OECD Digital Services Trade Restrictiveness Index,ITA,Italy,Infrastructure and connectivity,Index: 1 = maximum restriction,0
2014,OECD Digital Services Trade Restrictiveness Index,ITA,Italy,Infrastructure and connectivity,Index: 1 = maximum restriction,0
2020,OECD Digital Services Trade Restrictiveness Index,ITA,Italy,Infrastructure and connectivity,Index: 1 = maximum restriction,0
2019,OECD Digital Services Trade Restrictiveness Index,ITA,Italy,Infrastructure and connectivity,Index: 1 = maximum restriction,0
2024,OECD Digital Services Trade Restrictiveness Index,ITA,Italy,Indicator DSTRI,Index: 1 = maximum restriction,0.09
2023,OECD Digital Services Trade Restrictiveness Index,ITA,Italy,Indicator DSTRI,Index: 1 = maximum restriction,0.09
2022,OECD Digital Services Trade Restrictiveness Index,ITA,Italy,Indicator DSTRI,Index: 1 = maximum restriction,0.09
2021,OECD Digital Services Trade Restrictiveness Index,ITA,Italy,Indicator DSTRI,Index: 1 = maximum restriction,0.09
2018,OECD Digital Services Trade Restrictiveness Index,ITA,Italy,Indicator DSTRI,Index: 1 = maximum restriction,0.09
2017,OECD Digital Services Trade Restrictiveness Index,ITA,Italy,Indicator DSTRI,Index: 1 = maximum restriction,0.06
2016,OECD Digital Services Trade Restrictiveness Index,ITA,Italy,Indicator DSTRI,Index: 1 = maximum restriction,0.06
2015,OECD Digital Services Trade Restrictiveness Index,ITA,Italy,Indicator DSTRI,Index: 1 = maximum restriction,0.06
2014,OECD Digital Services Trade Restrictiveness Index,ITA,Italy,Indicator DSTRI,Index: 1 = maximum restriction,0.06
2020,OECD Digital Services Trade Restrictiveness Index,ITA,Italy,Indicator DSTRI,Index: 1 = maximum restriction,0.09
2019,OECD Digital Services Trade Restrictiveness Index,ITA,Italy,Indicator DSTRI,Index: 1 = maximum restriction,0.09
2024,OECD Digital Services Trade Restrictiveness Index,ITA,Italy,Electronic transactions,Index: 1 = maximum restriction,0.04
2023,OECD Digital Services Trade Restrictiveness Index,ITA,Italy,Electronic transactions,Index: 1 = maximum restriction,0.04
2022,OECD Digital Services Trade Restrictiveness Index,ITA,Italy,Electronic transactions,Index: 1 = maximum restriction,0.04
2021,OECD Digital Services Trade Restrictiveness Index,ITA,Italy,Electronic transactions,Index: 1 = maximum restriction,0.04
2018,OECD Digital Services Trade Restrictiveness Index,ITA,Italy,Electronic transactions,Index: 1 = maximum restriction,0.04
2017,OECD Digital Services Trade Restrictiveness Index,ITA,Italy,Electronic transactions,Index: 1 = maximum restriction,0.04
2016,OECD Digital Services Trade Restrictiveness Index,ITA,Italy,Electronic transactions,Index: 1 = maximum restriction,0.04
2015,OECD Digital Services Trade Restrictiveness Index,ITA,Italy,Electronic transactions,Index: 1 = maximum restriction,0.04
2014,OECD Digital Services Trade Restrictiveness Index,ITA,Italy,Electronic transactions,Index: 1 = maximum restriction,0.04
2020,OECD Digital Services Trade Restrictiveness Index,ITA,Italy,Electronic transactions,Index: 1 = maximum restriction,0.04
2019,OECD Digital Services Trade Restrictiveness Index,ITA,Italy,Electronic transactions,Index: 1 = maximum restriction,0.04
2024,OECD Digital Services Trade Restrictiveness Index,ITA,Italy,Other barriers affecting trade in digitally enabled services,Index: 1 = maximum restriction,0.04
2023,OECD Digital Services Trade Restrictiveness Index,ITA,Italy,Other barriers affecting trade in digitally enabled services,Index: 1 = maximum restriction,0.04
2022,OECD Digital Services Trade Restrictiveness Index,ITA,Italy,Other barriers affecting trade in digitally enabled services,Index: 1 = maximum restriction,0.04
2021,OECD Digital Services Trade Restrictiveness Index,ITA,Italy,Other barriers affecting trade in digitally enabled services,Index: 1 = maximum restriction,0.04
2018,OECD Digital Services Trade Restrictiveness Index,ITA,Italy,Other barriers affecting trade in digitally enabled services,Index: 1 = maximum restriction,0.04
2017,OECD Digital Services Trade Restrictiveness Index,ITA,Italy,Other barriers affecting trade in digitally enabled services,Index: 1 = maximum restriction,0.02
2016,OECD Digital Services Trade Restrictiveness Index,ITA,Italy,Other barriers affecting trade in digitally enabled services,Index: 1 = maximum restriction,0.02
2015,OECD Digital Services Trade Restrictiveness Index,ITA,Italy,Other barriers affecting trade in digitally enabled services,Index: 1 = maximum restriction,0.02
2014,OECD Digital Services Trade Restrictiveness Index,ITA,Italy,Other barriers affecting trade in digitally enabled services,Index: 1 = maximum restriction,0.02
2020,OECD Digital Services Trade Restrictiveness Index,ITA,Italy,Other barriers affecting trade in digitally enabled services,Index: 1 = maximum restriction,0.04
2019,OECD Digital Services Trade Restrictiveness Index,ITA,Italy,Other barriers affecting trade in digitally enabled services,Index: 1 = maximum restriction,0.04
2024,OECD Digital Services Trade Restrictiveness Index,ITA,Italy,Payment system,Index: 1 = maximum restriction,0
2023,OECD Digital Services Trade Restrictiveness Index,ITA,Italy,Payment system,Index: 1 = maximum restriction,0
2022,OECD Digital Services Trade Restrictiveness Index,ITA,Italy,Payment system,Index: 1 = maximum restriction,0
2021,OECD Digital Services Trade Restrictiveness Index,ITA,Italy,Payment system,Index: 1 = maximum restriction,0
2018,OECD Digital Services Trade Restrictiveness Index,ITA,Italy,Payment system,Index: 1 = maximum restriction,0
2017,OECD Digital Services Trade Restrictiveness Index,ITA,Italy,Payment system,Index: 1 = maximum restriction,0
2016,OECD Digital Services Trade Restrictiveness Index,ITA,Italy,Payment system,Index: 1 = maximum restriction,0
2015,OECD Digital Services Trade Restrictiveness Index,ITA,Italy,Payment system,Index: 1 = maximum restriction,0
2014,OECD Digital Services Trade Restrictiveness Index,ITA,Italy,Payment system,Index: 1 = maximum restriction,0
2020,OECD Digital Services Trade Restrictiveness Index,ITA,Italy,Payment system,Index: 1 = maximum restriction,0
2019,OECD Digital Services Trade Restrictiveness Index,ITA,Italy,Payment system,Index: 1 = maximum restriction,0
2024,OECD Digital Services Trade Restrictiveness Index,ITA,Italy,Intellectual property rights,Index: 1 = maximum restriction,0
2023,OECD Digital Services Trade Restrictiveness Index,ITA,Italy,Intellectual property rights,Index: 1 = maximum restriction,0
2022,OECD Digital Services Trade Restrictiveness Index,ITA,Italy,Intellectual property rights,Index: 1 = maximum restriction,0
2021,OECD Digital Services Trade Restrictiveness Index,ITA,Italy,Intellectual property rights,Index: 1 = maximum restriction,0
2018,OECD Digital Services Trade Restrictiveness Index,ITA,Italy,Intellectual property rights,Index: 1 = maximum restriction,0
2017,OECD Digital Services Trade Restrictiveness Index,ITA,Italy,Intellectual property rights,Index: 1 = maximum restriction,0
2016,OECD Digital Services Trade Restrictiveness Index,ITA,Italy,Intellectual property rights,Index: 1 = maximum restriction,0
2015,OECD Digital Services Trade Restrictiveness Index,ITA,Italy,Intellectual property rights,Index: 1 = maximum restriction,0
2014,OECD Digital Services Trade Restrictiveness Index,ITA,Italy,Intellectual property rights,Index: 1 = maximum restriction,0
2020,OECD Digital Services Trade Restrictiveness Index,ITA,Italy,Intellectual property rights,Index: 1 = maximum restriction,0
2019,OECD Digital Services Trade Restrictiveness Index,ITA,Italy,Intellectual property rights,Index: 1 = maximum restriction,0
2024,OECD Digital Services Trade Restrictiveness Index,JPN,Japan,Infrastructure and connectivity,Index: 1 = maximum restriction,0
2023,OECD Digital Services Trade Restrictiveness Index,JPN,Japan,Infrastructure and connectivity,Index: 1 = maximum restriction,0
2022,OECD Digital Services Trade Restrictiveness Index,JPN,Japan,Infrastructure and connectivity,Index: 1 = maximum restriction,0
2021,OECD Digital Services Trade Restrictiveness Index,JPN,Japan,Infrastructure and connectivity,Index: 1 = maximum restriction,0
2018,OECD Digital Services Trade Restrictiveness Index,JPN,Japan,Infrastructure and connectivity,Index: 1 = maximum restriction,0
2017,OECD Digital Services Trade Restrictiveness Index,JPN,Japan,Infrastructure and connectivity,Index: 1 = maximum restriction,0
2016,OECD Digital Services Trade Restrictiveness Index,JPN,Japan,Infrastructure and connectivity,Index: 1 = maximum restriction,0
2015,OECD Digital Services Trade Restrictiveness Index,JPN,Japan,Infrastructure and connectivity,Index: 1 = maximum restriction,0
2014,OECD Digital Services Trade Restrictiveness Index,JPN,Japan,Infrastructure and connectivity,Index: 1 = maximum restriction,0
2020,OECD Digital Services Trade Restrictiveness Index,JPN,Japan,Infrastructure and connectivity,Index: 1 = maximum restriction,0
2019,OECD Digital Services Trade Restrictiveness Index,JPN,Japan,Infrastructure and connectivity,Index: 1 = maximum restriction,0
2024,OECD Digital Services Trade Restrictiveness Index,JPN,Japan,Indicator DSTRI,Index: 1 = maximum restriction,0.04
2023,OECD Digital Services Trade Restrictiveness Index,JPN,Japan,Indicator DSTRI,Index: 1 = maximum restriction,0.04
2022,OECD Digital Services Trade Restrictiveness Index,JPN,Japan,Indicator DSTRI,Index: 1 = maximum restriction,0.04
2021,OECD Digital Services Trade Restrictiveness Index,JPN,Japan,Indicator DSTRI,Index: 1 = maximum restriction,0.04
2018,OECD Digital Services Trade Restrictiveness Index,JPN,Japan,Indicator DSTRI,Index: 1 = maximum restriction,0.04
2017,OECD Digital Services Trade Restrictiveness Index,JPN,Japan,Indicator DSTRI,Index: 1 = maximum restriction,0.04
2016,OECD Digital Services Trade Restrictiveness Index,JPN,Japan,Indicator DSTRI,Index: 1 = maximum restriction,0.04
2015,OECD Digital Services Trade Restrictiveness Index,JPN,Japan,Indicator DSTRI,Index: 1 = maximum restriction,0.04
2014,OECD Digital Services Trade Restrictiveness Index,JPN,Japan,Indicator DSTRI,Index: 1 = maximum restriction,0.04
2020,OECD Digital Services Trade Restrictiveness Index,JPN,Japan,Indicator DSTRI,Index: 1 = maximum restriction,0.04
2019,OECD Digital Services Trade Restrictiveness Index,JPN,Japan,Indicator DSTRI,Index: 1 = maximum restriction,0.04
2024,OECD Digital Services Trade Restrictiveness Index,JPN,Japan,Electronic transactions,Index: 1 = maximum restriction,0.04
2023,OECD Digital Services Trade Restrictiveness Index,JPN,Japan,Electronic transactions,Index: 1 = maximum restriction,0.04
2022,OECD Digital Services Trade Restrictiveness Index,JPN,Japan,Electronic transactions,Index: 1 = maximum restriction,0.04
2021,OECD Digital Services Trade Restrictiveness Index,JPN,Japan,Electronic transactions,Index: 1 = maximum restriction,0.04
2018,OECD Digital Services Trade Restrictiveness Index,JPN,Japan,Electronic transactions,Index: 1 = maximum restriction,0.04
2017,OECD Digital Services Trade Restrictiveness Index,JPN,Japan,Electronic transactions,Index: 1 = maximum restriction,0.04
2016,OECD Digital Services Trade Restrictiveness Index,JPN,Japan,Electronic transactions,Index: 1 = maximum restriction,0.04
2015,OECD Digital Services Trade Restrictiveness Index,JPN,Japan,Electronic transactions,Index: 1 = maximum restriction,0.04
2014,OECD Digital Services Trade Restrictiveness Index,JPN,Japan,Electronic transactions,Index: 1 = maximum restriction,0.04
2020,OECD Digital Services Trade Restrictiveness Index,JPN,Japan,Electronic transactions,Index: 1 = maximum restriction,0.04
2019,OECD Digital Services Trade Restrictiveness Index,JPN,Japan,Electronic transactions,Index: 1 = maximum restriction,0.04
2024,OECD Digital Services Trade Restrictiveness Index,JPN,Japan,Other barriers affecting trade in digitally enabled services,Index: 1 = maximum restriction,0
2023,OECD Digital Services Trade Restrictiveness Index,JPN,Japan,Other barriers affecting trade in digitally enabled services,Index: 1 = maximum restriction,0
2022,OECD Digital Services Trade Restrictiveness Index,JPN,Japan,Other barriers affecting trade in digitally enabled services,Index: 1 = maximum restriction,0
2021,OECD Digital Services Trade Restrictiveness Index,JPN,Japan,Other barriers affecting trade in digitally enabled services,Index: 1 = maximum restriction,0
2018,OECD Digital Services Trade Restrictiveness Index,JPN,Japan,Other barriers affecting trade in digitally enabled services,Index: 1 = maximum restriction,0
2017,OECD Digital Services Trade Restrictiveness Index,JPN,Japan,Other barriers affecting trade in digitally enabled services,Index: 1 = maximum restriction,0
2016,OECD Digital Services Trade Restrictiveness Index,JPN,Japan,Other barriers affecting trade in digitally enabled services,Index: 1 = maximum restriction,0
2015,OECD Digital Services Trade Restrictiveness Index,JPN,Japan,Other barriers affecting trade in digitally enabled services,Index: 1 = maximum restriction,0
2014,OECD Digital Services Trade Restrictiveness Index,JPN,Japan,Other barriers affecting trade in digitally enabled services,Index: 1 = maximum restriction,0
2020,OECD Digital Services Trade Restrictiveness Index,JPN,Japan,Other barriers affecting trade in digitally enabled services,Index: 1 = maximum restriction,0
2019,OECD Digital Services Trade Restrictiveness Index,JPN,Japan,Other barriers affecting trade in digitally enabled services,Index: 1 = maximum restriction,0
2024,OECD Digital Services Trade Restrictiveness Index,JPN,Japan,Payment system,Index: 1 = maximum restriction,0
2023,OECD Digital Services Trade Restrictiveness Index,JPN,Japan,Payment system,Index: 1 = maximum restriction,0
2022,OECD Digital Services Trade Restrictiveness Index,JPN,Japan,Payment system,Index: 1 = maximum restriction,0
2021,OECD Digital Services Trade Restrictiveness Index,JPN,Japan,Payment system,Index: 1 = maximum restriction,0
2018,OECD Digital Services Trade Restrictiveness Index,JPN,Japan,Payment system,Index: 1 = maximum restriction,0
2017,OECD Digital Services Trade Restrictiveness Index,JPN,Japan,Payment system,Index: 1 = maximum restriction,0
2016,OECD Digital Services Trade Restrictiveness Index,JPN,Japan,Payment system,Index: 1 = maximum restriction,0
2015,OECD Digital Services Trade Restrictiveness Index,JPN,Japan,Payment system,Index: 1 = maximum restriction,0
2014,OECD Digital Services Trade Restrictiveness Index,JPN,Japan,Payment system,Index: 1 = maximum restriction,0
2020,OECD Digital Services Trade Restrictiveness Index,JPN,Japan,Payment system,Index: 1 = maximum restriction,0
2019,OECD Digital Services Trade Restrictiveness Index,JPN,Japan,Payment system,Index: 1 = maximum restriction,0
2024,OECD Digital Services Trade Restrictiveness Index,JPN,Japan,Intellectual property rights,Index: 1 = maximum restriction,0
2023,OECD Digital Services Trade Restrictiveness Index,JPN,Japan,Intellectual property rights,Index: 1 = maximum restriction,0
2022,OECD Digital Services Trade Restrictiveness Index,JPN,Japan,Intellectual property rights,Index: 1 = maximum restriction,0
2021,OECD Digital Services Trade Restrictiveness Index,JPN,Japan,Intellectual property rights,Index: 1 = maximum restriction,0
2018,OECD Digital Services Trade Restrictiveness Index,JPN,Japan,Intellectual property rights,Index: 1 = maximum restriction,0
2017,OECD Digital Services Trade Restrictiveness Index,JPN,Japan,Intellectual property rights,Index: 1 = maximum restriction,0
2016,OECD Digital Services Trade Restrictiveness Index,JPN,Japan,Intellectual property rights,Index: 1 = maximum restriction,0
2015,OECD Digital Services Trade Restrictiveness Index,JPN,Japan,Intellectual property rights,Index: 1 = maximum restriction,0
2014,OECD Digital Services Trade Restrictiveness Index,JPN,Japan,Intellectual property rights,Index: 1 = maximum restriction,0
2020,OECD Digital Services Trade Restrictiveness Index,JPN,Japan,Intellectual property rights,Index: 1 = maximum restriction,0
2019,OECD Digital Services Trade Restrictiveness Index,JPN,Japan,Intellectual property rights,Index: 1 = maximum restriction,0
2024,OECD Digital Services Trade Restrictiveness Index,KOR,Korea,Infrastructure and connectivity,Index: 1 = maximum restriction,0.04
2023,OECD Digital Services Trade Restrictiveness Index,KOR,Korea,Infrastructure and connectivity,Index: 1 = maximum restriction,0.04
2022,OECD Digital Services Trade Restrictiveness Index,KOR,Korea,Infrastructure and connectivity,Index: 1 = maximum restriction,0.04
2021,OECD Digital Services Trade Restrictiveness Index,KOR,Korea,Infrastructure and connectivity,Index: 1 = maximum restriction,0.04
2018,OECD Digital Services Trade Restrictiveness Index,KOR,Korea,Infrastructure and connectivity,Index: 1 = maximum restriction,0.12
2017,OECD Digital Services Trade Restrictiveness Index,KOR,Korea,Infrastructure and connectivity,Index: 1 = maximum restriction,0.12
2016,OECD Digital Services Trade Restrictiveness Index,KOR,Korea,Infrastructure and connectivity,Index: 1 = maximum restriction,0.12
2015,OECD Digital Services Trade Restrictiveness Index,KOR,Korea,Infrastructure and connectivity,Index: 1 = maximum restriction,0.12
2014,OECD Digital Services Trade Restrictiveness Index,KOR,Korea,Infrastructure and connectivity,Index: 1 = maximum restriction,0.16
2020,OECD Digital Services Trade Restrictiveness Index,KOR,Korea,Infrastructure and connectivity,Index: 1 = maximum restriction,0.04
2019,OECD Digital Services Trade Restrictiveness Index,KOR,Korea,Infrastructure and connectivity,Index: 1 = maximum restriction,0.12
2024,OECD Digital Services Trade Restrictiveness Index,KOR,Korea,Indicator DSTRI,Index: 1 = maximum restriction,0.08
2023,OECD Digital Services Trade Restrictiveness Index,KOR,Korea,Indicator DSTRI,Index: 1 = maximum restriction,0.08
2022,OECD Digital Services Trade Restrictiveness Index,KOR,Korea,Indicator DSTRI,Index: 1 = maximum restriction,0.08
2021,OECD Digital Services Trade Restrictiveness Index,KOR,Korea,Indicator DSTRI,Index: 1 = maximum restriction,0.08
2018,OECD Digital Services Trade Restrictiveness Index,KOR,Korea,Indicator DSTRI,Index: 1 = maximum restriction,0.14
2017,OECD Digital Services Trade Restrictiveness Index,KOR,Korea,Indicator DSTRI,Index: 1 = maximum restriction,0.14
2016,OECD Digital Services Trade Restrictiveness Index,KOR,Korea,Indicator DSTRI,Index: 1 = maximum restriction,0.14
2015,OECD Digital Services Trade Restrictiveness Index,KOR,Korea,Indicator DSTRI,Index: 1 = maximum restriction,0.14
2014,OECD Digital Services Trade Restrictiveness Index,KOR,Korea,Indicator DSTRI,Index: 1 = maximum restriction,0.2
2020,OECD Digital Services Trade Restrictiveness Index,KOR,Korea,Indicator DSTRI,Index: 1 = maximum restriction,0.08
2019,OECD Digital Services Trade Restrictiveness Index,KOR,Korea,Indicator DSTRI,Index: 1 = maximum restriction,0.16
2024,OECD Digital Services Trade Restrictiveness Index,KOR,Korea,Electronic transactions,Index: 1 = maximum restriction,0.02
2023,OECD Digital Services Trade Restrictiveness Index,KOR,Korea,Electronic transactions,Index: 1 = maximum restriction,0.02
2022,OECD Digital Services Trade Restrictiveness Index,KOR,Korea,Electronic transactions,Index: 1 = maximum restriction,0.02
2021,OECD Digital Services Trade Restrictiveness Index,KOR,Korea,Electronic transactions,Index: 1 = maximum restriction,0.02
2018,OECD Digital Services Trade Restrictiveness Index,KOR,Korea,Electronic transactions,Index: 1 = maximum restriction,0.02
2017,OECD Digital Services Trade Restrictiveness Index,KOR,Korea,Electronic transactions,Index: 1 = maximum restriction,0.02
2016,OECD Digital Services Trade Restrictiveness Index,KOR,Korea,Electronic transactions,Index: 1 = maximum restriction,0.02
2015,OECD Digital Services Trade Restrictiveness Index,KOR,Korea,Electronic transactions,Index: 1 = maximum restriction,0.02
2014,OECD Digital Services Trade Restrictiveness Index,KOR,Korea,Electronic transactions,Index: 1 = maximum restriction,0.02
2020,OECD Digital Services Trade Restrictiveness Index,KOR,Korea,Electronic transactions,Index: 1 = maximum restriction,0.02
2019,OECD Digital Services Trade Restrictiveness Index,KOR,Korea,Electronic transactions,Index: 1 = maximum restriction,0.02
2024,OECD Digital Services Trade Restrictiveness Index,KOR,Korea,Other barriers affecting trade in digitally enabled services,Index: 1 = maximum restriction,0.02
2023,OECD Digital Services Trade Restrictiveness Index,KOR,Korea,Other barriers affecting trade in digitally enabled services,Index: 1 = maximum restriction,0.02
2022,OECD Digital Services Trade Restrictiveness Index,KOR,Korea,Other barriers affecting trade in digitally enabled services,Index: 1 = maximum restriction,0.02
2021,OECD Digital Services Trade Restrictiveness Index,KOR,Korea,Other barriers affecting trade in digitally enabled services,Index: 1 = maximum restriction,0.02
2018,OECD Digital Services Trade Restrictiveness Index,KOR,Korea,Other barriers affecting trade in digitally enabled services,Index: 1 = maximum restriction,0
2017,OECD Digital Services Trade Restrictiveness Index,KOR,Korea,Other barriers affecting trade in digitally enabled services,Index: 1 = maximum restriction,0
2016,OECD Digital Services Trade Restrictiveness Index,KOR,Korea,Other barriers affecting trade in digitally enabled services,Index: 1 = maximum restriction,0
2015,OECD Digital Services Trade Restrictiveness Index,KOR,Korea,Other barriers affecting trade in digitally enabled services,Index: 1 = maximum restriction,0
2014,OECD Digital Services Trade Restrictiveness Index,KOR,Korea,Other barriers affecting trade in digitally enabled services,Index: 1 = maximum restriction,0
2020,OECD Digital Services Trade Restrictiveness Index,KOR,Korea,Other barriers affecting trade in digitally enabled services,Index: 1 = maximum restriction,0.02
2019,OECD Digital Services Trade Restrictiveness Index,KOR,Korea,Other barriers affecting trade in digitally enabled services,Index: 1 = maximum restriction,0.02
2024,OECD Digital Services Trade Restrictiveness Index,KOR,Korea,Payment system,Index: 1 = maximum restriction,0
2023,OECD Digital Services Trade Restrictiveness Index,KOR,Korea,Payment system,Index: 1 = maximum restriction,0
2022,OECD Digital Services Trade Restrictiveness Index,KOR,Korea,Payment system,Index: 1 = maximum restriction,0
2021,OECD Digital Services Trade Restrictiveness Index,KOR,Korea,Payment system,Index: 1 = maximum restriction,0
2018,OECD Digital Services Trade Restrictiveness Index,KOR,Korea,Payment system,Index: 1 = maximum restriction,0
2017,OECD Digital Services Trade Restrictiveness Index,KOR,Korea,Payment system,Index: 1 = maximum restriction,0
2016,OECD Digital Services Trade Restrictiveness Index,KOR,Korea,Payment system,Index: 1 = maximum restriction,0
2015,OECD Digital Services Trade Restrictiveness Index,KOR,Korea,Payment system,Index: 1 = maximum restriction,0
2014,OECD Digital Services Trade Restrictiveness Index,KOR,Korea,Payment system,Index: 1 = maximum restriction,0.02
2020,OECD Digital Services Trade Restrictiveness Index,KOR,Korea,Payment system,Index: 1 = maximum restriction,0
2019,OECD Digital Services Trade Restrictiveness Index,KOR,Korea,Payment system,Index: 1 = maximum restriction,0
2024,OECD Digital Services Trade Restrictiveness Index,KOR,Korea,Intellectual property rights,Index: 1 = maximum restriction,0
2023,OECD Digital Services Trade Restrictiveness Index,KOR,Korea,Intellectual property rights,Index: 1 = maximum restriction,0
2022,OECD Digital Services Trade Restrictiveness Index,KOR,Korea,Intellectual property rights,Index: 1 = maximum restriction,0
2021,OECD Digital Services Trade Restrictiveness Index,KOR,Korea,Intellectual property rights,Index: 1 = maximum restriction,0
2018,OECD Digital Services Trade Restrictiveness Index,KOR,Korea,Intellectual property rights,Index: 1 = maximum restriction,0
2017,OECD Digital Services Trade Restrictiveness Index,KOR,Korea,Intellectual property rights,Index: 1 = maximum restriction,0
2016,OECD Digital Services Trade Restrictiveness Index,KOR,Korea,Intellectual property rights,Index: 1 = maximum restriction,0
2015,OECD Digital Services Trade Restrictiveness Index,KOR,Korea,Intellectual property rights,Index: 1 = maximum restriction,0
2014,OECD Digital Services Trade Restrictiveness Index,KOR,Korea,Intellectual property rights,Index: 1 = maximum restriction,0
2020,OECD Digital Services Trade Restrictiveness Index,KOR,Korea,Intellectual property rights,Index: 1 = maximum restriction,0
2019,OECD Digital Services Trade Restrictiveness Index,KOR,Korea,Intellectual property rights,Index: 1 = maximum restriction,0
2024,OECD Digital Services Trade Restrictiveness Index,LVA,Latvia,Infrastructure and connectivity,Index: 1 = maximum restriction,0.12
2023,OECD Digital Services Trade Restrictiveness Index,LVA,Latvia,Infrastructure and connectivity,Index: 1 = maximum restriction,0.12
2022,OECD Digital Services Trade Restrictiveness Index,LVA,Latvia,Infrastructure and connectivity,Index: 1 = maximum restriction,0.12
2021,OECD Digital Services Trade Restrictiveness Index,LVA,Latvia,Infrastructure and connectivity,Index: 1 = maximum restriction,0.12
2018,OECD Digital Services Trade Restrictiveness Index,LVA,Latvia,Infrastructure and connectivity,Index: 1 = maximum restriction,0.12
2017,OECD Digital Services Trade Restrictiveness Index,LVA,Latvia,Infrastructure and connectivity,Index: 1 = maximum restriction,0.12
2016,OECD Digital Services Trade Restrictiveness Index,LVA,Latvia,Infrastructure and connectivity,Index: 1 = maximum restriction,0
2015,OECD Digital Services Trade Restrictiveness Index,LVA,Latvia,Infrastructure and connectivity,Index: 1 = maximum restriction,0
2014,OECD Digital Services Trade Restrictiveness Index,LVA,Latvia,Infrastructure and connectivity,Index: 1 = maximum restriction,0
2020,OECD Digital Services Trade Restrictiveness Index,LVA,Latvia,Infrastructure and connectivity,Index: 1 = maximum restriction,0.12
2019,OECD Digital Services Trade Restrictiveness Index,LVA,Latvia,Infrastructure and connectivity,Index: 1 = maximum restriction,0.12
2024,OECD Digital Services Trade Restrictiveness Index,LVA,Latvia,Indicator DSTRI,Index: 1 = maximum restriction,0.18
2023,OECD Digital Services Trade Restrictiveness Index,LVA,Latvia,Indicator DSTRI,Index: 1 = maximum restriction,0.18
2022,OECD Digital Services Trade Restrictiveness Index,LVA,Latvia,Indicator DSTRI,Index: 1 = maximum restriction,0.18
2021,OECD Digital Services Trade Restrictiveness Index,LVA,Latvia,Indicator DSTRI,Index: 1 = maximum restriction,0.18
2018,OECD Digital Services Trade Restrictiveness Index,LVA,Latvia,Indicator DSTRI,Index: 1 = maximum restriction,0.18
2017,OECD Digital Services Trade Restrictiveness Index,LVA,Latvia,Indicator DSTRI,Index: 1 = maximum restriction,0.16
2016,OECD Digital Services Trade Restrictiveness Index,LVA,Latvia,Indicator DSTRI,Index: 1 = maximum restriction,0.04
2015,OECD Digital Services Trade Restrictiveness Index,LVA,Latvia,Indicator DSTRI,Index: 1 = maximum restriction,0.04
2014,OECD Digital Services Trade Restrictiveness Index,LVA,Latvia,Indicator DSTRI,Index: 1 = maximum restriction,0.04
2020,OECD Digital Services Trade Restrictiveness Index,LVA,Latvia,Indicator DSTRI,Index: 1 = maximum restriction,0.18
2019,OECD Digital Services Trade Restrictiveness Index,LVA,Latvia,Indicator DSTRI,Index: 1 = maximum restriction,0.18
2024,OECD Digital Services Trade Restrictiveness Index,LVA,Latvia,Electronic transactions,Index: 1 = maximum restriction,0.04
2023,OECD Digital Services Trade Restrictiveness Index,LVA,Latvia,Electronic transactions,Index: 1 = maximum restriction,0.04
2022,OECD Digital Services Trade Restrictiveness Index,LVA,Latvia,Electronic transactions,Index: 1 = maximum restriction,0.04
2021,OECD Digital Services Trade Restrictiveness Index,LVA,Latvia,Electronic transactions,Index: 1 = maximum restriction,0.04
2018,OECD Digital Services Trade Restrictiveness Index,LVA,Latvia,Electronic transactions,Index: 1 = maximum restriction,0.04
2017,OECD Digital Services Trade Restrictiveness Index,LVA,Latvia,Electronic transactions,Index: 1 = maximum restriction,0.04
2016,OECD Digital Services Trade Restrictiveness Index,LVA,Latvia,Electronic transactions,Index: 1 = maximum restriction,0.04
2015,OECD Digital Services Trade Restrictiveness Index,LVA,Latvia,Electronic transactions,Index: 1 = maximum restriction,0.04
2014,OECD Digital Services Trade Restrictiveness Index,LVA,Latvia,Electronic transactions,Index: 1 = maximum restriction,0.04
2020,OECD Digital Services Trade Restrictiveness Index,LVA,Latvia,Electronic transactions,Index: 1 = maximum restriction,0.04
2019,OECD Digital Services Trade Restrictiveness Index,LVA,Latvia,Electronic transactions,Index: 1 = maximum restriction,0.04
2024,OECD Digital Services Trade Restrictiveness Index,LVA,Latvia,Other barriers affecting trade in digitally enabled services,Index: 1 = maximum restriction,0.02
2023,OECD Digital Services Trade Restrictiveness Index,LVA,Latvia,Other barriers affecting trade in digitally enabled services,Index: 1 = maximum restriction,0.02
2022,OECD Digital Services Trade Restrictiveness Index,LVA,Latvia,Other barriers affecting trade in digitally enabled services,Index: 1 = maximum restriction,0.02
2021,OECD Digital Services Trade Restrictiveness Index,LVA,Latvia,Other barriers affecting trade in digitally enabled services,Index: 1 = maximum restriction,0.02
2018,OECD Digital Services Trade Restrictiveness Index,LVA,Latvia,Other barriers affecting trade in digitally enabled services,Index: 1 = maximum restriction,0.02
2017,OECD Digital Services Trade Restrictiveness Index,LVA,Latvia,Other barriers affecting trade in digitally enabled services,Index: 1 = maximum restriction,0
2016,OECD Digital Services Trade Restrictiveness Index,LVA,Latvia,Other barriers affecting trade in digitally enabled services,Index: 1 = maximum restriction,0
2015,OECD Digital Services Trade Restrictiveness Index,LVA,Latvia,Other barriers affecting trade in digitally enabled services,Index: 1 = maximum restriction,0
2014,OECD Digital Services Trade Restrictiveness Index,LVA,Latvia,Other barriers affecting trade in digitally enabled services,Index: 1 = maximum restriction,0
2020,OECD Digital Services Trade Restrictiveness Index,LVA,Latvia,Other barriers affecting trade in digitally enabled services,Index: 1 = maximum restriction,0.02
2019,OECD Digital Services Trade Restrictiveness Index,LVA,Latvia,Other barriers affecting trade in digitally enabled services,Index: 1 = maximum restriction,0.02
2024,OECD Digital Services Trade Restrictiveness Index,LVA,Latvia,Payment system,Index: 1 = maximum restriction,0
2023,OECD Digital Services Trade Restrictiveness Index,LVA,Latvia,Payment system,Index: 1 = maximum restriction,0
2022,OECD Digital Services Trade Restrictiveness Index,LVA,Latvia,Payment system,Index: 1 = maximum restriction,0
2021,OECD Digital Services Trade Restrictiveness Index,LVA,Latvia,Payment system,Index: 1 = maximum restriction,0
2018,OECD Digital Services Trade Restrictiveness Index,LVA,Latvia,Payment system,Index: 1 = maximum restriction,0
2017,OECD Digital Services Trade Restrictiveness Index,LVA,Latvia,Payment system,Index: 1 = maximum restriction,0
2016,OECD Digital Services Trade Restrictiveness Index,LVA,Latvia,Payment system,Index: 1 = maximum restriction,0
2015,OECD Digital Services Trade Restrictiveness Index,LVA,Latvia,Payment system,Index: 1 = maximum restriction,0
2014,OECD Digital Services Trade Restrictiveness Index,LVA,Latvia,Payment system,Index: 1 = maximum restriction,0
2020,OECD Digital Services Trade Restrictiveness Index,LVA,Latvia,Payment system,Index: 1 = maximum restriction,0
2019,OECD Digital Services Trade Restrictiveness Index,LVA,Latvia,Payment system,Index: 1 = maximum restriction,0
2024,OECD Digital Services Trade Restrictiveness Index,LVA,Latvia,Intellectual property rights,Index: 1 = maximum restriction,0
2023,OECD Digital Services Trade Restrictiveness Index,LVA,Latvia,Intellectual property rights,Index: 1 = maximum restriction,0
2022,OECD Digital Services Trade Restrictiveness Index,LVA,Latvia,Intellectual property rights,Index: 1 = maximum restriction,0
2021,OECD Digital Services Trade Restrictiveness Index,LVA,Latvia,Intellectual property rights,Index: 1 = maximum restriction,0
2018,OECD Digital Services Trade Restrictiveness Index,LVA,Latvia,Intellectual property rights,Index: 1 = maximum restriction,0
2017,OECD Digital Services Trade Restrictiveness Index,LVA,Latvia,Intellectual property rights,Index: 1 = maximum restriction,0
2016,OECD Digital Services Trade Restrictiveness Index,LVA,Latvia,Intellectual property rights,Index: 1 = maximum restriction,0
2015,OECD Digital Services Trade Restrictiveness Index,LVA,Latvia,Intellectual property rights,Index: 1 = maximum restriction,0
2014,OECD Digital Services Trade Restrictiveness Index,LVA,Latvia,Intellectual property rights,Index: 1 = maximum restriction,0
2020,OECD Digital Services Trade Restrictiveness Index,LVA,Latvia,Intellectual property rights,Index: 1 = maximum restriction,0
2019,OECD Digital Services Trade Restrictiveness Index,LVA,Latvia,Intellectual property rights,Index: 1 = maximum restriction,0
2024,OECD Digital Services Trade Restrictiveness Index,LTU,Lithuania,Infrastructure and connectivity,Index: 1 = maximum restriction,0
2023,OECD Digital Services Trade Restrictiveness Index,LTU,Lithuania,Infrastructure and connectivity,Index: 1 = maximum restriction,0
2022,OECD Digital Services Trade Restrictiveness Index,LTU,Lithuania,Infrastructure and connectivity,Index: 1 = maximum restriction,0
2021,OECD Digital Services Trade Restrictiveness Index,LTU,Lithuania,Infrastructure and connectivity,Index: 1 = maximum restriction,0
2018,OECD Digital Services Trade Restrictiveness Index,LTU,Lithuania,Infrastructure and connectivity,Index: 1 = maximum restriction,0
2017,OECD Digital Services Trade Restrictiveness Index,LTU,Lithuania,Infrastructure and connectivity,Index: 1 = maximum restriction,0
2016,OECD Digital Services Trade Restrictiveness Index,LTU,Lithuania,Infrastructure and connectivity,Index: 1 = maximum restriction,0
2015,OECD Digital Services Trade Restrictiveness Index,LTU,Lithuania,Infrastructure and connectivity,Index: 1 = maximum restriction,0
2014,OECD Digital Services Trade Restrictiveness Index,LTU,Lithuania,Infrastructure and connectivity,Index: 1 = maximum restriction,0
2020,OECD Digital Services Trade Restrictiveness Index,LTU,Lithuania,Infrastructure and connectivity,Index: 1 = maximum restriction,0
2019,OECD Digital Services Trade Restrictiveness Index,LTU,Lithuania,Infrastructure and connectivity,Index: 1 = maximum restriction,0
2024,OECD Digital Services Trade Restrictiveness Index,LTU,Lithuania,Indicator DSTRI,Index: 1 = maximum restriction,0.06
2023,OECD Digital Services Trade Restrictiveness Index,LTU,Lithuania,Indicator DSTRI,Index: 1 = maximum restriction,0.06
2022,OECD Digital Services Trade Restrictiveness Index,LTU,Lithuania,Indicator DSTRI,Index: 1 = maximum restriction,0.06
2021,OECD Digital Services Trade Restrictiveness Index,LTU,Lithuania,Indicator DSTRI,Index: 1 = maximum restriction,0.06
2018,OECD Digital Services Trade Restrictiveness Index,LTU,Lithuania,Indicator DSTRI,Index: 1 = maximum restriction,0.06
2017,OECD Digital Services Trade Restrictiveness Index,LTU,Lithuania,Indicator DSTRI,Index: 1 = maximum restriction,0.04
2016,OECD Digital Services Trade Restrictiveness Index,LTU,Lithuania,Indicator DSTRI,Index: 1 = maximum restriction,0.04
2015,OECD Digital Services Trade Restrictiveness Index,LTU,Lithuania,Indicator DSTRI,Index: 1 = maximum restriction,0.04
2014,OECD Digital Services Trade Restrictiveness Index,LTU,Lithuania,Indicator DSTRI,Index: 1 = maximum restriction,0.04
2020,OECD Digital Services Trade Restrictiveness Index,LTU,Lithuania,Indicator DSTRI,Index: 1 = maximum restriction,0.06
2019,OECD Digital Services Trade Restrictiveness Index,LTU,Lithuania,Indicator DSTRI,Index: 1 = maximum restriction,0.06
2024,OECD Digital Services Trade Restrictiveness Index,LTU,Lithuania,Electronic transactions,Index: 1 = maximum restriction,0.04
2023,OECD Digital Services Trade Restrictiveness Index,LTU,Lithuania,Electronic transactions,Index: 1 = maximum restriction,0.04
2022,OECD Digital Services Trade Restrictiveness Index,LTU,Lithuania,Electronic transactions,Index: 1 = maximum restriction,0.04
2021,OECD Digital Services Trade Restrictiveness Index,LTU,Lithuania,Electronic transactions,Index: 1 = maximum restriction,0.04
2018,OECD Digital Services Trade Restrictiveness Index,LTU,Lithuania,Electronic transactions,Index: 1 = maximum restriction,0.04
2017,OECD Digital Services Trade Restrictiveness Index,LTU,Lithuania,Electronic transactions,Index: 1 = maximum restriction,0.04
2016,OECD Digital Services Trade Restrictiveness Index,LTU,Lithuania,Electronic transactions,Index: 1 = maximum restriction,0.04
2015,OECD Digital Services Trade Restrictiveness Index,LTU,Lithuania,Electronic transactions,Index: 1 = maximum restriction,0.04
2014,OECD Digital Services Trade Restrictiveness Index,LTU,Lithuania,Electronic transactions,Index: 1 = maximum restriction,0.04
2020,OECD Digital Services Trade Restrictiveness Index,LTU,Lithuania,Electronic transactions,Index: 1 = maximum restriction,0.04
2019,OECD Digital Services Trade Restrictiveness Index,LTU,Lithuania,Electronic transactions,Index: 1 = maximum restriction,0.04
2024,OECD Digital Services Trade Restrictiveness Index,LTU,Lithuania,Other barriers affecting trade in digitally enabled services,Index: 1 = maximum restriction,0.02
2023,OECD Digital Services Trade Restrictiveness Index,LTU,Lithuania,Other barriers affecting trade in digitally enabled services,Index: 1 = maximum restriction,0.02
2022,OECD Digital Services Trade Restrictiveness Index,LTU,Lithuania,Other barriers affecting trade in digitally enabled services,Index: 1 = maximum restriction,0.02
2021,OECD Digital Services Trade Restrictiveness Index,LTU,Lithuania,Other barriers affecting trade in digitally enabled services,Index: 1 = maximum restriction,0.02
2018,OECD Digital Services Trade Restrictiveness Index,LTU,Lithuania,Other barriers affecting trade in digitally enabled services,Index: 1 = maximum restriction,0.02
2017,OECD Digital Services Trade Restrictiveness Index,LTU,Lithuania,Other barriers affecting trade in digitally enabled services,Index: 1 = maximum restriction,0
2016,OECD Digital Services Trade Restrictiveness Index,LTU,Lithuania,Other barriers affecting trade in digitally enabled services,Index: 1 = maximum restriction,0
2015,OECD Digital Services Trade Restrictiveness Index,LTU,Lithuania,Other barriers affecting trade in digitally enabled services,Index: 1 = maximum restriction,0
2014,OECD Digital Services Trade Restrictiveness Index,LTU,Lithuania,Other barriers affecting trade in digitally enabled services,Index: 1 = maximum restriction,0
2020,OECD Digital Services Trade Restrictiveness Index,LTU,Lithuania,Other barriers affecting trade in digitally enabled services,Index: 1 = maximum restriction,0.02
2019,OECD Digital Services Trade Restrictiveness Index,LTU,Lithuania,Other barriers affecting trade in digitally enabled services,Index: 1 = maximum restriction,0.02
2024,OECD Digital Services Trade Restrictiveness Index,LTU,Lithuania,Payment system,Index: 1 = maximum restriction,0
2023,OECD Digital Services Trade Restrictiveness Index,LTU,Lithuania,Payment system,Index: 1 = maximum restriction,0
2022,OECD Digital Services Trade Restrictiveness Index,LTU,Lithuania,Payment system,Index: 1 = maximum restriction,0
2021,OECD Digital Services Trade Restrictiveness Index,LTU,Lithuania,Payment system,Index: 1 = maximum restriction,0
2018,OECD Digital Services Trade Restrictiveness Index,LTU,Lithuania,Payment system,Index: 1 = maximum restriction,0
2017,OECD Digital Services Trade Restrictiveness Index,LTU,Lithuania,Payment system,Index: 1 = maximum restriction,0
2016,OECD Digital Services Trade Restrictiveness Index,LTU,Lithuania,Payment system,Index: 1 = maximum restriction,0
2015,OECD Digital Services Trade Restrictiveness Index,LTU,Lithuania,Payment system,Index: 1 = maximum restriction,0
2014,OECD Digital Services Trade Restrictiveness Index,LTU,Lithuania,Payment system,Index: 1 = maximum restriction,0
2020,OECD Digital Services Trade Restrictiveness Index,LTU,Lithuania,Payment system,Index: 1 = maximum restriction,0
2019,OECD Digital Services Trade Restrictiveness Index,LTU,Lithuania,Payment system,Index: 1 = maximum restriction,0
2024,OECD Digital Services Trade Restrictiveness Index,LTU,Lithuania,Intellectual property rights,Index: 1 = maximum restriction,0
2023,OECD Digital Services Trade Restrictiveness Index,LTU,Lithuania,Intellectual property rights,Index: 1 = maximum restriction,0
2022,OECD Digital Services Trade Restrictiveness Index,LTU,Lithuania,Intellectual property rights,Index: 1 = maximum restriction,0
2021,OECD Digital Services Trade Restrictiveness Index,LTU,Lithuania,Intellectual property rights,Index: 1 = maximum restriction,0
2018,OECD Digital Services Trade Restrictiveness Index,LTU,Lithuania,Intellectual property rights,Index: 1 = maximum restriction,0
2017,OECD Digital Services Trade Restrictiveness Index,LTU,Lithuania,Intellectual property rights,Index: 1 = maximum restriction,0
2016,OECD Digital Services Trade Restrictiveness Index,LTU,Lithuania,Intellectual property rights,Index: 1 = maximum restriction,0
2015,OECD Digital Services Trade Restrictiveness Index,LTU,Lithuania,Intellectual property rights,Index: 1 = maximum restriction,0
2014,OECD Digital Services Trade Restrictiveness Index,LTU,Lithuania,Intellectual property rights,Index: 1 = maximum restriction,0
2020,OECD Digital Services Trade Restrictiveness Index,LTU,Lithuania,Intellectual property rights,Index: 1 = maximum restriction,0
2019,OECD Digital Services Trade Restrictiveness Index,LTU,Lithuania,Intellectual property rights,Index: 1 = maximum restriction,0
2024,OECD Digital Services Trade Restrictiveness Index,LUX,Luxembourg,Infrastructure and connectivity,Index: 1 = maximum restriction,0
2023,OECD Digital Services Trade Restrictiveness Index,LUX,Luxembourg,Infrastructure and connectivity,Index: 1 = maximum restriction,0
2022,OECD Digital Services Trade Restrictiveness Index,LUX,Luxembourg,Infrastructure and connectivity,Index: 1 = maximum restriction,0
2021,OECD Digital Services Trade Restrictiveness Index,LUX,Luxembourg,Infrastructure and connectivity,Index: 1 = maximum restriction,0
2018,OECD Digital Services Trade Restrictiveness Index,LUX,Luxembourg,Infrastructure and connectivity,Index: 1 = maximum restriction,0
2017,OECD Digital Services Trade Restrictiveness Index,LUX,Luxembourg,Infrastructure and connectivity,Index: 1 = maximum restriction,0
2016,OECD Digital Services Trade Restrictiveness Index,LUX,Luxembourg,Infrastructure and connectivity,Index: 1 = maximum restriction,0
2015,OECD Digital Services Trade Restrictiveness Index,LUX,Luxembourg,Infrastructure and connectivity,Index: 1 = maximum restriction,0
2014,OECD Digital Services Trade Restrictiveness Index,LUX,Luxembourg,Infrastructure and connectivity,Index: 1 = maximum restriction,0
2020,OECD Digital Services Trade Restrictiveness Index,LUX,Luxembourg,Infrastructure and connectivity,Index: 1 = maximum restriction,0
2019,OECD Digital Services Trade Restrictiveness Index,LUX,Luxembourg,Infrastructure and connectivity,Index: 1 = maximum restriction,0
2024,OECD Digital Services Trade Restrictiveness Index,LUX,Luxembourg,Indicator DSTRI,Index: 1 = maximum restriction,0.04
2023,OECD Digital Services Trade Restrictiveness Index,LUX,Luxembourg,Indicator DSTRI,Index: 1 = maximum restriction,0.04
2022,OECD Digital Services Trade Restrictiveness Index,LUX,Luxembourg,Indicator DSTRI,Index: 1 = maximum restriction,0.04
2021,OECD Digital Services Trade Restrictiveness Index,LUX,Luxembourg,Indicator DSTRI,Index: 1 = maximum restriction,0.04
2018,OECD Digital Services Trade Restrictiveness Index,LUX,Luxembourg,Indicator DSTRI,Index: 1 = maximum restriction,0.04
2017,OECD Digital Services Trade Restrictiveness Index,LUX,Luxembourg,Indicator DSTRI,Index: 1 = maximum restriction,0.02
2016,OECD Digital Services Trade Restrictiveness Index,LUX,Luxembourg,Indicator DSTRI,Index: 1 = maximum restriction,0.02
2015,OECD Digital Services Trade Restrictiveness Index,LUX,Luxembourg,Indicator DSTRI,Index: 1 = maximum restriction,0.02
2014,OECD Digital Services Trade Restrictiveness Index,LUX,Luxembourg,Indicator DSTRI,Index: 1 = maximum restriction,0.02
2020,OECD Digital Services Trade Restrictiveness Index,LUX,Luxembourg,Indicator DSTRI,Index: 1 = maximum restriction,0.04
2019,OECD Digital Services Trade Restrictiveness Index,LUX,Luxembourg,Indicator DSTRI,Index: 1 = maximum restriction,0.04
2024,OECD Digital Services Trade Restrictiveness Index,LUX,Luxembourg,Electronic transactions,Index: 1 = maximum restriction,0.02
2023,OECD Digital Services Trade Restrictiveness Index,LUX,Luxembourg,Electronic transactions,Index: 1 = maximum restriction,0.02
2022,OECD Digital Services Trade Restrictiveness Index,LUX,Luxembourg,Electronic transactions,Index: 1 = maximum restriction,0.02
2021,OECD Digital Services Trade Restrictiveness Index,LUX,Luxembourg,Electronic transactions,Index: 1 = maximum restriction,0.02
2018,OECD Digital Services Trade Restrictiveness Index,LUX,Luxembourg,Electronic transactions,Index: 1 = maximum restriction,0.02
2017,OECD Digital Services Trade Restrictiveness Index,LUX,Luxembourg,Electronic transactions,Index: 1 = maximum restriction,0.02
2016,OECD Digital Services Trade Restrictiveness Index,LUX,Luxembourg,Electronic transactions,Index: 1 = maximum restriction,0.02
2015,OECD Digital Services Trade Restrictiveness Index,LUX,Luxembourg,Electronic transactions,Index: 1 = maximum restriction,0.02
2014,OECD Digital Services Trade Restrictiveness Index,LUX,Luxembourg,Electronic transactions,Index: 1 = maximum restriction,0.02
2020,OECD Digital Services Trade Restrictiveness Index,LUX,Luxembourg,Electronic transactions,Index: 1 = maximum restriction,0.02
2019,OECD Digital Services Trade Restrictiveness Index,LUX,Luxembourg,Electronic transactions,Index: 1 = maximum restriction,0.02
2024,OECD Digital Services Trade Restrictiveness Index,LUX,Luxembourg,Other barriers affecting trade in digitally enabled services,Index: 1 = maximum restriction,0.02
2023,OECD Digital Services Trade Restrictiveness Index,LUX,Luxembourg,Other barriers affecting trade in digitally enabled services,Index: 1 = maximum restriction,0.02
2022,OECD Digital Services Trade Restrictiveness Index,LUX,Luxembourg,Other barriers affecting trade in digitally enabled services,Index: 1 = maximum restriction,0.02
2021,OECD Digital Services Trade Restrictiveness Index,LUX,Luxembourg,Other barriers affecting trade in digitally enabled services,Index: 1 = maximum restriction,0.02
2018,OECD Digital Services Trade Restrictiveness Index,LUX,Luxembourg,Other barriers affecting trade in digitally enabled services,Index: 1 = maximum restriction,0.02
2017,OECD Digital Services Trade Restrictiveness Index,LUX,Luxembourg,Other barriers affecting trade in digitally enabled services,Index: 1 = maximum restriction,0
2016,OECD Digital Services Trade Restrictiveness Index,LUX,Luxembourg,Other barriers affecting trade in digitally enabled services,Index: 1 = maximum restriction,0
2015,OECD Digital Services Trade Restrictiveness Index,LUX,Luxembourg,Other barriers affecting trade in digitally enabled services,Index: 1 = maximum restriction,0
2014,OECD Digital Services Trade Restrictiveness Index,LUX,Luxembourg,Other barriers affecting trade in digitally enabled services,Index: 1 = maximum restriction,0
2020,OECD Digital Services Trade Restrictiveness Index,LUX,Luxembourg,Other barriers affecting trade in digitally enabled services,Index: 1 = maximum restriction,0.02
2019,OECD Digital Services Trade Restrictiveness Index,LUX,Luxembourg,Other barriers affecting trade in digitally enabled services,Index: 1 = maximum restriction,0.02
2024,OECD Digital Services Trade Restrictiveness Index,LUX,Luxembourg,Payment system,Index: 1 = maximum restriction,0
2023,OECD Digital Services Trade Restrictiveness Index,LUX,Luxembourg,Payment system,Index: 1 = maximum restriction,0
2022,OECD Digital Services Trade Restrictiveness Index,LUX,Luxembourg,Payment system,Index: 1 = maximum restriction,0
2021,OECD Digital Services Trade Restrictiveness Index,LUX,Luxembourg,Payment system,Index: 1 = maximum restriction,0
2018,OECD Digital Services Trade Restrictiveness Index,LUX,Luxembourg,Payment system,Index: 1 = maximum restriction,0
2017,OECD Digital Services Trade Restrictiveness Index,LUX,Luxembourg,Payment system,Index: 1 = maximum restriction,0
2016,OECD Digital Services Trade Restrictiveness Index,LUX,Luxembourg,Payment system,Index: 1 = maximum restriction,0
2015,OECD Digital Services Trade Restrictiveness Index,LUX,Luxembourg,Payment system,Index: 1 = maximum restriction,0
2014,OECD Digital Services Trade Restrictiveness Index,LUX,Luxembourg,Payment system,Index: 1 = maximum restriction,0
2020,OECD Digital Services Trade Restrictiveness Index,LUX,Luxembourg,Payment system,Index: 1 = maximum restriction,0
2019,OECD Digital Services Trade Restrictiveness Index,LUX,Luxembourg,Payment system,Index: 1 = maximum restriction,0
2024,OECD Digital Services Trade Restrictiveness Index,LUX,Luxembourg,Intellectual property rights,Index: 1 = maximum restriction,0
2023,OECD Digital Services Trade Restrictiveness Index,LUX,Luxembourg,Intellectual property rights,Index: 1 = maximum restriction,0
2022,OECD Digital Services Trade Restrictiveness Index,LUX,Luxembourg,Intellectual property rights,Index: 1 = maximum restriction,0
2021,OECD Digital Services Trade Restrictiveness Index,LUX,Luxembourg,Intellectual property rights,Index: 1 = maximum restriction,0
2018,OECD Digital Services Trade Restrictiveness Index,LUX,Luxembourg,Intellectual property rights,Index: 1 = maximum restriction,0
2017,OECD Digital Services Trade Restrictiveness Index,LUX,Luxembourg,Intellectual property rights,Index: 1 = maximum restriction,0
2016,OECD Digital Services Trade Restrictiveness Index,LUX,Luxembourg,Intellectual property rights,Index: 1 = maximum restriction,0
2015,OECD Digital Services Trade Restrictiveness Index,LUX,Luxembourg,Intellectual property rights,Index: 1 = maximum restriction,0
2014,OECD Digital Services Trade Restrictiveness Index,LUX,Luxembourg,Intellectual property rights,Index: 1 = maximum restriction,0
2020,OECD Digital Services Trade Restrictiveness Index,LUX,Luxembourg,Intellectual property rights,Index: 1 = maximum restriction,0
2019,OECD Digital Services Trade Restrictiveness Index,LUX,Luxembourg,Intellectual property rights,Index: 1 = maximum restriction,0
2024,OECD Digital Services Trade Restrictiveness Index,MEX,Mexico,Infrastructure and connectivity,Index: 1 = maximum restriction,0.04
2023,OECD Digital Services Trade Restrictiveness Index,MEX,Mexico,Infrastructure and connectivity,Index: 1 = maximum restriction,0.04
2022,OECD Digital Services Trade Restrictiveness Index,MEX,Mexico,Infrastructure and connectivity,Index: 1 = maximum restriction,0.04
2021,OECD Digital Services Trade Restrictiveness Index,MEX,Mexico,Infrastructure and connectivity,Index: 1 = maximum restriction,0.04
2018,OECD Digital Services Trade Restrictiveness Index,MEX,Mexico,Infrastructure and connectivity,Index: 1 = maximum restriction,0.04
2017,OECD Digital Services Trade Restrictiveness Index,MEX,Mexico,Infrastructure and connectivity,Index: 1 = maximum restriction,0.04
2016,OECD Digital Services Trade Restrictiveness Index,MEX,Mexico,Infrastructure and connectivity,Index: 1 = maximum restriction,0.04
2015,OECD Digital Services Trade Restrictiveness Index,MEX,Mexico,Infrastructure and connectivity,Index: 1 = maximum restriction,0.04
2014,OECD Digital Services Trade Restrictiveness Index,MEX,Mexico,Infrastructure and connectivity,Index: 1 = maximum restriction,0.24
2020,OECD Digital Services Trade Restrictiveness Index,MEX,Mexico,Infrastructure and connectivity,Index: 1 = maximum restriction,0.04
2019,OECD Digital Services Trade Restrictiveness Index,MEX,Mexico,Infrastructure and connectivity,Index: 1 = maximum restriction,0.04
2024,OECD Digital Services Trade Restrictiveness Index,MEX,Mexico,Indicator DSTRI,Index: 1 = maximum restriction,0.08
2023,OECD Digital Services Trade Restrictiveness Index,MEX,Mexico,Indicator DSTRI,Index: 1 = maximum restriction,0.08
2022,OECD Digital Services Trade Restrictiveness Index,MEX,Mexico,Indicator DSTRI,Index: 1 = maximum restriction,0.08
2021,OECD Digital Services Trade Restrictiveness Index,MEX,Mexico,Indicator DSTRI,Index: 1 = maximum restriction,0.08
2018,OECD Digital Services Trade Restrictiveness Index,MEX,Mexico,Indicator DSTRI,Index: 1 = maximum restriction,0.08
2017,OECD Digital Services Trade Restrictiveness Index,MEX,Mexico,Indicator DSTRI,Index: 1 = maximum restriction,0.08
2016,OECD Digital Services Trade Restrictiveness Index,MEX,Mexico,Indicator DSTRI,Index: 1 = maximum restriction,0.08
2015,OECD Digital Services Trade Restrictiveness Index,MEX,Mexico,Indicator DSTRI,Index: 1 = maximum restriction,0.08
2014,OECD Digital Services Trade Restrictiveness Index,MEX,Mexico,Indicator DSTRI,Index: 1 = maximum restriction,0.28
2020,OECD Digital Services Trade Restrictiveness Index,MEX,Mexico,Indicator DSTRI,Index: 1 = maximum restriction,0.08
2019,OECD Digital Services Trade Restrictiveness Index,MEX,Mexico,Indicator DSTRI,Index: 1 = maximum restriction,0.08
2024,OECD Digital Services Trade Restrictiveness Index,MEX,Mexico,Electronic transactions,Index: 1 = maximum restriction,0.02
2023,OECD Digital Services Trade Restrictiveness Index,MEX,Mexico,Electronic transactions,Index: 1 = maximum restriction,0.02
2022,OECD Digital Services Trade Restrictiveness Index,MEX,Mexico,Electronic transactions,Index: 1 = maximum restriction,0.02
2021,OECD Digital Services Trade Restrictiveness Index,MEX,Mexico,Electronic transactions,Index: 1 = maximum restriction,0.02
2018,OECD Digital Services Trade Restrictiveness Index,MEX,Mexico,Electronic transactions,Index: 1 = maximum restriction,0.02
2017,OECD Digital Services Trade Restrictiveness Index,MEX,Mexico,Electronic transactions,Index: 1 = maximum restriction,0.02
2016,OECD Digital Services Trade Restrictiveness Index,MEX,Mexico,Electronic transactions,Index: 1 = maximum restriction,0.02
2015,OECD Digital Services Trade Restrictiveness Index,MEX,Mexico,Electronic transactions,Index: 1 = maximum restriction,0.02
2014,OECD Digital Services Trade Restrictiveness Index,MEX,Mexico,Electronic transactions,Index: 1 = maximum restriction,0.02
2020,OECD Digital Services Trade Restrictiveness Index,MEX,Mexico,Electronic transactions,Index: 1 = maximum restriction,0.02
2019,OECD Digital Services Trade Restrictiveness Index,MEX,Mexico,Electronic transactions,Index: 1 = maximum restriction,0.02
2024,OECD Digital Services Trade Restrictiveness Index,MEX,Mexico,Other barriers affecting trade in digitally enabled services,Index: 1 = maximum restriction,0
2023,OECD Digital Services Trade Restrictiveness Index,MEX,Mexico,Other barriers affecting trade in digitally enabled services,Index: 1 = maximum restriction,0
2022,OECD Digital Services Trade Restrictiveness Index,MEX,Mexico,Other barriers affecting trade in digitally enabled services,Index: 1 = maximum restriction,0
2021,OECD Digital Services Trade Restrictiveness Index,MEX,Mexico,Other barriers affecting trade in digitally enabled services,Index: 1 = maximum restriction,0
2018,OECD Digital Services Trade Restrictiveness Index,MEX,Mexico,Other barriers affecting trade in digitally enabled services,Index: 1 = maximum restriction,0
2017,OECD Digital Services Trade Restrictiveness Index,MEX,Mexico,Other barriers affecting trade in digitally enabled services,Index: 1 = maximum restriction,0
2016,OECD Digital Services Trade Restrictiveness Index,MEX,Mexico,Other barriers affecting trade in digitally enabled services,Index: 1 = maximum restriction,0
2015,OECD Digital Services Trade Restrictiveness Index,MEX,Mexico,Other barriers affecting trade in digitally enabled services,Index: 1 = maximum restriction,0
2014,OECD Digital Services Trade Restrictiveness Index,MEX,Mexico,Other barriers affecting trade in digitally enabled services,Index: 1 = maximum restriction,0
2020,OECD Digital Services Trade Restrictiveness Index,MEX,Mexico,Other barriers affecting trade in digitally enabled services,Index: 1 = maximum restriction,0
2019,OECD Digital Services Trade Restrictiveness Index,MEX,Mexico,Other barriers affecting trade in digitally enabled services,Index: 1 = maximum restriction,0
2024,OECD Digital Services Trade Restrictiveness Index,MEX,Mexico,Payment system,Index: 1 = maximum restriction,0.02
2023,OECD Digital Services Trade Restrictiveness Index,MEX,Mexico,Payment system,Index: 1 = maximum restriction,0.02
2022,OECD Digital Services Trade Restrictiveness Index,MEX,Mexico,Payment system,Index: 1 = maximum restriction,0.02
2021,OECD Digital Services Trade Restrictiveness Index,MEX,Mexico,Payment system,Index: 1 = maximum restriction,0.02
2018,OECD Digital Services Trade Restrictiveness Index,MEX,Mexico,Payment system,Index: 1 = maximum restriction,0.02
2017,OECD Digital Services Trade Restrictiveness Index,MEX,Mexico,Payment system,Index: 1 = maximum restriction,0.02
2016,OECD Digital Services Trade Restrictiveness Index,MEX,Mexico,Payment system,Index: 1 = maximum restriction,0.02
2015,OECD Digital Services Trade Restrictiveness Index,MEX,Mexico,Payment system,Index: 1 = maximum restriction,0.02
2014,OECD Digital Services Trade Restrictiveness Index,MEX,Mexico,Payment system,Index: 1 = maximum restriction,0.02
2020,OECD Digital Services Trade Restrictiveness Index,MEX,Mexico,Payment system,Index: 1 = maximum restriction,0.02
2019,OECD Digital Services Trade Restrictiveness Index,MEX,Mexico,Payment system,Index: 1 = maximum restriction,0.02
2024,OECD Digital Services Trade Restrictiveness Index,MEX,Mexico,Intellectual property rights,Index: 1 = maximum restriction,0
2023,OECD Digital Services Trade Restrictiveness Index,MEX,Mexico,Intellectual property rights,Index: 1 = maximum restriction,0
2022,OECD Digital Services Trade Restrictiveness Index,MEX,Mexico,Intellectual property rights,Index: 1 = maximum restriction,0
2021,OECD Digital Services Trade Restrictiveness Index,MEX,Mexico,Intellectual property rights,Index: 1 = maximum restriction,0
2018,OECD Digital Services Trade Restrictiveness Index,MEX,Mexico,Intellectual property rights,Index: 1 = maximum restriction,0
2017,OECD Digital Services Trade Restrictiveness Index,MEX,Mexico,Intellectual property rights,Index: 1 = maximum restriction,0
2016,OECD Digital Services Trade Restrictiveness Index,MEX,Mexico,Intellectual property rights,Index: 1 = maximum restriction,0
2015,OECD Digital Services Trade Restrictiveness Index,MEX,Mexico,Intellectual property rights,Index: 1 = maximum restriction,0
2014,OECD Digital Services Trade Restrictiveness Index,MEX,Mexico,Intellectual property rights,Index: 1 = maximum restriction,0
2020,OECD Digital Services Trade Restrictiveness Index,MEX,Mexico,Intellectual property rights,Index: 1 = maximum restriction,0
2019,OECD Digital Services Trade Restrictiveness Index,MEX,Mexico,Intellectual property rights,Index: 1 = maximum restriction,0
2024,OECD Digital Services Trade Restrictiveness Index,NLD,Netherlands,Infrastructure and connectivity,Index: 1 = maximum restriction,0
2023,OECD Digital Services Trade Restrictiveness Index,NLD,Netherlands,Infrastructure and connectivity,Index: 1 = maximum restriction,0
2022,OECD Digital Services Trade Restrictiveness Index,NLD,Netherlands,Infrastructure and connectivity,Index: 1 = maximum restriction,0
2021,OECD Digital Services Trade Restrictiveness Index,NLD,Netherlands,Infrastructure and connectivity,Index: 1 = maximum restriction,0
2018,OECD Digital Services Trade Restrictiveness Index,NLD,Netherlands,Infrastructure and connectivity,Index: 1 = maximum restriction,0
2017,OECD Digital Services Trade Restrictiveness Index,NLD,Netherlands,Infrastructure and connectivity,Index: 1 = maximum restriction,0
2016,OECD Digital Services Trade Restrictiveness Index,NLD,Netherlands,Infrastructure and connectivity,Index: 1 = maximum restriction,0
2015,OECD Digital Services Trade Restrictiveness Index,NLD,Netherlands,Infrastructure and connectivity,Index: 1 = maximum restriction,0
2014,OECD Digital Services Trade Restrictiveness Index,NLD,Netherlands,Infrastructure and connectivity,Index: 1 = maximum restriction,0
2020,OECD Digital Services Trade Restrictiveness Index,NLD,Netherlands,Infrastructure and connectivity,Index: 1 = maximum restriction,0
2019,OECD Digital Services Trade Restrictiveness Index,NLD,Netherlands,Infrastructure and connectivity,Index: 1 = maximum restriction,0
2024,OECD Digital Services Trade Restrictiveness Index,NLD,Netherlands,Indicator DSTRI,Index: 1 = maximum restriction,0.06
2023,OECD Digital Services Trade Restrictiveness Index,NLD,Netherlands,Indicator DSTRI,Index: 1 = maximum restriction,0.06
2022,OECD Digital Services Trade Restrictiveness Index,NLD,Netherlands,Indicator DSTRI,Index: 1 = maximum restriction,0.06
2021,OECD Digital Services Trade Restrictiveness Index,NLD,Netherlands,Indicator DSTRI,Index: 1 = maximum restriction,0.06
2018,OECD Digital Services Trade Restrictiveness Index,NLD,Netherlands,Indicator DSTRI,Index: 1 = maximum restriction,0.06
2017,OECD Digital Services Trade Restrictiveness Index,NLD,Netherlands,Indicator DSTRI,Index: 1 = maximum restriction,0.04
2016,OECD Digital Services Trade Restrictiveness Index,NLD,Netherlands,Indicator DSTRI,Index: 1 = maximum restriction,0.04
2015,OECD Digital Services Trade Restrictiveness Index,NLD,Netherlands,Indicator DSTRI,Index: 1 = maximum restriction,0.04
2014,OECD Digital Services Trade Restrictiveness Index,NLD,Netherlands,Indicator DSTRI,Index: 1 = maximum restriction,0.04
2020,OECD Digital Services Trade Restrictiveness Index,NLD,Netherlands,Indicator DSTRI,Index: 1 = maximum restriction,0.06
2019,OECD Digital Services Trade Restrictiveness Index,NLD,Netherlands,Indicator DSTRI,Index: 1 = maximum restriction,0.06
2024,OECD Digital Services Trade Restrictiveness Index,NLD,Netherlands,Electronic transactions,Index: 1 = maximum restriction,0.04
2023,OECD Digital Services Trade Restrictiveness Index,NLD,Netherlands,Electronic transactions,Index: 1 = maximum restriction,0.04
2022,OECD Digital Services Trade Restrictiveness Index,NLD,Netherlands,Electronic transactions,Index: 1 = maximum restriction,0.04
2021,OECD Digital Services Trade Restrictiveness Index,NLD,Netherlands,Electronic transactions,Index: 1 = maximum restriction,0.04
2018,OECD Digital Services Trade Restrictiveness Index,NLD,Netherlands,Electronic transactions,Index: 1 = maximum restriction,0.04
2017,OECD Digital Services Trade Restrictiveness Index,NLD,Netherlands,Electronic transactions,Index: 1 = maximum restriction,0.04
2016,OECD Digital Services Trade Restrictiveness Index,NLD,Netherlands,Electronic transactions,Index: 1 = maximum restriction,0.04
2015,OECD Digital Services Trade Restrictiveness Index,NLD,Netherlands,Electronic transactions,Index: 1 = maximum restriction,0.04
2014,OECD Digital Services Trade Restrictiveness Index,NLD,Netherlands,Electronic transactions,Index: 1 = maximum restriction,0.04
2020,OECD Digital Services Trade Restrictiveness Index,NLD,Netherlands,Electronic transactions,Index: 1 = maximum restriction,0.04
2019,OECD Digital Services Trade Restrictiveness Index,NLD,Netherlands,Electronic transactions,Index: 1 = maximum restriction,0.04
2024,OECD Digital Services Trade Restrictiveness Index,NLD,Netherlands,Other barriers affecting trade in digitally enabled services,Index: 1 = maximum restriction,0.02
2023,OECD Digital Services Trade Restrictiveness Index,NLD,Netherlands,Other barriers affecting trade in digitally enabled services,Index: 1 = maximum restriction,0.02
2022,OECD Digital Services Trade Restrictiveness Index,NLD,Netherlands,Other barriers affecting trade in digitally enabled services,Index: 1 = maximum restriction,0.02
2021,OECD Digital Services Trade Restrictiveness Index,NLD,Netherlands,Other barriers affecting trade in digitally enabled services,Index: 1 = maximum restriction,0.02
2018,OECD Digital Services Trade Restrictiveness Index,NLD,Netherlands,Other barriers affecting trade in digitally enabled services,Index: 1 = maximum restriction,0.02
2017,OECD Digital Services Trade Restrictiveness Index,NLD,Netherlands,Other barriers affecting trade in digitally enabled services,Index: 1 = maximum restriction,0
2016,OECD Digital Services Trade Restrictiveness Index,NLD,Netherlands,Other barriers affecting trade in digitally enabled services,Index: 1 = maximum restriction,0
2015,OECD Digital Services Trade Restrictiveness Index,NLD,Netherlands,Other barriers affecting trade in digitally enabled services,Index: 1 = maximum restriction,0
2014,OECD Digital Services Trade Restrictiveness Index,NLD,Netherlands,Other barriers affecting trade in digitally enabled services,Index: 1 = maximum restriction,0
2020,OECD Digital Services Trade Restrictiveness Index,NLD,Netherlands,Other barriers affecting trade in digitally enabled services,Index: 1 = maximum restriction,0.02
2019,OECD Digital Services Trade Restrictiveness Index,NLD,Netherlands,Other barriers affecting trade in digitally enabled services,Index: 1 = maximum restriction,0.02
2024,OECD Digital Services Trade Restrictiveness Index,NLD,Netherlands,Payment system,Index: 1 = maximum restriction,0
2023,OECD Digital Services Trade Restrictiveness Index,NLD,Netherlands,Payment system,Index: 1 = maximum restriction,0
2022,OECD Digital Services Trade Restrictiveness Index,NLD,Netherlands,Payment system,Index: 1 = maximum restriction,0
2021,OECD Digital Services Trade Restrictiveness Index,NLD,Netherlands,Payment system,Index: 1 = maximum restriction,0
2018,OECD Digital Services Trade Restrictiveness Index,NLD,Netherlands,Payment system,Index: 1 = maximum restriction,0
2017,OECD Digital Services Trade Restrictiveness Index,NLD,Netherlands,Payment system,Index: 1 = maximum restriction,0
2016,OECD Digital Services Trade Restrictiveness Index,NLD,Netherlands,Payment system,Index: 1 = maximum restriction,0
2015,OECD Digital Services Trade Restrictiveness Index,NLD,Netherlands,Payment system,Index: 1 = maximum restriction,0
2014,OECD Digital Services Trade Restrictiveness Index,NLD,Netherlands,Payment system,Index: 1 = maximum restriction,0
2020,OECD Digital Services Trade Restrictiveness Index,NLD,Netherlands,Payment system,Index: 1 = maximum restriction,0
2019,OECD Digital Services Trade Restrictiveness Index,NLD,Netherlands,Payment system,Index: 1 = maximum restriction,0
2024,OECD Digital Services Trade Restrictiveness Index,NLD,Netherlands,Intellectual property rights,Index: 1 = maximum restriction,0
2023,OECD Digital Services Trade Restrictiveness Index,NLD,Netherlands,Intellectual property rights,Index: 1 = maximum restriction,0
2022,OECD Digital Services Trade Restrictiveness Index,NLD,Netherlands,Intellectual property rights,Index: 1 = maximum restriction,0
2021,OECD Digital Services Trade Restrictiveness Index,NLD,Netherlands,Intellectual property rights,Index: 1 = maximum restriction,0
2018,OECD Digital Services Trade Restrictiveness Index,NLD,Netherlands,Intellectual property rights,Index: 1 = maximum restriction,0
2017,OECD Digital Services Trade Restrictiveness Index,NLD,Netherlands,Intellectual property rights,Index: 1 = maximum restriction,0
2016,OECD Digital Services Trade Restrictiveness Index,NLD,Netherlands,Intellectual property rights,Index: 1 = maximum restriction,0
2015,OECD Digital Services Trade Restrictiveness Index,NLD,Netherlands,Intellectual property rights,Index: 1 = maximum restriction,0
2014,OECD Digital Services Trade Restrictiveness Index,NLD,Netherlands,Intellectual property rights,Index: 1 = maximum restriction,0
2020,OECD Digital Services Trade Restrictiveness Index,NLD,Netherlands,Intellectual property rights,Index: 1 = maximum restriction,0
2019,OECD Digital Services Trade Restrictiveness Index,NLD,Netherlands,Intellectual property rights,Index: 1 = maximum restriction,0
2024,OECD Digital Services Trade Restrictiveness Index,NZL,New Zealand,Infrastructure and connectivity,Index: 1 = maximum restriction,0.08
2023,OECD Digital Services Trade Restrictiveness Index,NZL,New Zealand,Infrastructure and connectivity,Index: 1 = maximum restriction,0.08
2022,OECD Digital Services Trade Restrictiveness Index,NZL,New Zealand,Infrastructure and connectivity,Index: 1 = maximum restriction,0.08
2021,OECD Digital Services Trade Restrictiveness Index,NZL,New Zealand,Infrastructure and connectivity,Index: 1 = maximum restriction,0.08
2018,OECD Digital Services Trade Restrictiveness Index,NZL,New Zealand,Infrastructure and connectivity,Index: 1 = maximum restriction,0.08
2017,OECD Digital Services Trade Restrictiveness Index,NZL,New Zealand,Infrastructure and connectivity,Index: 1 = maximum restriction,0.08
2016,OECD Digital Services Trade Restrictiveness Index,NZL,New Zealand,Infrastructure and connectivity,Index: 1 = maximum restriction,0.08
2015,OECD Digital Services Trade Restrictiveness Index,NZL,New Zealand,Infrastructure and connectivity,Index: 1 = maximum restriction,0.08
2014,OECD Digital Services Trade Restrictiveness Index,NZL,New Zealand,Infrastructure and connectivity,Index: 1 = maximum restriction,0.08
2020,OECD Digital Services Trade Restrictiveness Index,NZL,New Zealand,Infrastructure and connectivity,Index: 1 = maximum restriction,0.08
2019,OECD Digital Services Trade Restrictiveness Index,NZL,New Zealand,Infrastructure and connectivity,Index: 1 = maximum restriction,0.08
2024,OECD Digital Services Trade Restrictiveness Index,NZL,New Zealand,Indicator DSTRI,Index: 1 = maximum restriction,0.1
2023,OECD Digital Services Trade Restrictiveness Index,NZL,New Zealand,Indicator DSTRI,Index: 1 = maximum restriction,0.1
2022,OECD Digital Services Trade Restrictiveness Index,NZL,New Zealand,Indicator DSTRI,Index: 1 = maximum restriction,0.1
2021,OECD Digital Services Trade Restrictiveness Index,NZL,New Zealand,Indicator DSTRI,Index: 1 = maximum restriction,0.1
2018,OECD Digital Services Trade Restrictiveness Index,NZL,New Zealand,Indicator DSTRI,Index: 1 = maximum restriction,0.1
2017,OECD Digital Services Trade Restrictiveness Index,NZL,New Zealand,Indicator DSTRI,Index: 1 = maximum restriction,0.1
2016,OECD Digital Services Trade Restrictiveness Index,NZL,New Zealand,Indicator DSTRI,Index: 1 = maximum restriction,0.1
2015,OECD Digital Services Trade Restrictiveness Index,NZL,New Zealand,Indicator DSTRI,Index: 1 = maximum restriction,0.1
2014,OECD Digital Services Trade Restrictiveness Index,NZL,New Zealand,Indicator DSTRI,Index: 1 = maximum restriction,0.1
2020,OECD Digital Services Trade Restrictiveness Index,NZL,New Zealand,Indicator DSTRI,Index: 1 = maximum restriction,0.1
2019,OECD Digital Services Trade Restrictiveness Index,NZL,New Zealand,Indicator DSTRI,Index: 1 = maximum restriction,0.1
2024,OECD Digital Services Trade Restrictiveness Index,NZL,New Zealand,Electronic transactions,Index: 1 = maximum restriction,0.02
2023,OECD Digital Services Trade Restrictiveness Index,NZL,New Zealand,Electronic transactions,Index: 1 = maximum restriction,0.02
2022,OECD Digital Services Trade Restrictiveness Index,NZL,New Zealand,Electronic transactions,Index: 1 = maximum restriction,0.02
2021,OECD Digital Services Trade Restrictiveness Index,NZL,New Zealand,Electronic transactions,Index: 1 = maximum restriction,0.02
2018,OECD Digital Services Trade Restrictiveness Index,NZL,New Zealand,Electronic transactions,Index: 1 = maximum restriction,0.02
2017,OECD Digital Services Trade Restrictiveness Index,NZL,New Zealand,Electronic transactions,Index: 1 = maximum restriction,0.02
2016,OECD Digital Services Trade Restrictiveness Index,NZL,New Zealand,Electronic transactions,Index: 1 = maximum restriction,0.02
2015,OECD Digital Services Trade Restrictiveness Index,NZL,New Zealand,Electronic transactions,Index: 1 = maximum restriction,0.02
2014,OECD Digital Services Trade Restrictiveness Index,NZL,New Zealand,Electronic transactions,Index: 1 = maximum restriction,0.02
2020,OECD Digital Services Trade Restrictiveness Index,NZL,New Zealand,Electronic transactions,Index: 1 = maximum restriction,0.02
2019,OECD Digital Services Trade Restrictiveness Index,NZL,New Zealand,Electronic transactions,Index: 1 = maximum restriction,0.02
2024,OECD Digital Services Trade Restrictiveness Index,NZL,New Zealand,Other barriers affecting trade in digitally enabled services,Index: 1 = maximum restriction,0
2023,OECD Digital Services Trade Restrictiveness Index,NZL,New Zealand,Other barriers affecting trade in digitally enabled services,Index: 1 = maximum restriction,0
2022,OECD Digital Services Trade Restrictiveness Index,NZL,New Zealand,Other barriers affecting trade in digitally enabled services,Index: 1 = maximum restriction,0
2021,OECD Digital Services Trade Restrictiveness Index,NZL,New Zealand,Other barriers affecting trade in digitally enabled services,Index: 1 = maximum restriction,0
2018,OECD Digital Services Trade Restrictiveness Index,NZL,New Zealand,Other barriers affecting trade in digitally enabled services,Index: 1 = maximum restriction,0
2017,OECD Digital Services Trade Restrictiveness Index,NZL,New Zealand,Other barriers affecting trade in digitally enabled services,Index: 1 = maximum restriction,0
2016,OECD Digital Services Trade Restrictiveness Index,NZL,New Zealand,Other barriers affecting trade in digitally enabled services,Index: 1 = maximum restriction,0
2015,OECD Digital Services Trade Restrictiveness Index,NZL,New Zealand,Other barriers affecting trade in digitally enabled services,Index: 1 = maximum restriction,0
2014,OECD Digital Services Trade Restrictiveness Index,NZL,New Zealand,Other barriers affecting trade in digitally enabled services,Index: 1 = maximum restriction,0
2020,OECD Digital Services Trade Restrictiveness Index,NZL,New Zealand,Other barriers affecting trade in digitally enabled services,Index: 1 = maximum restriction,0
2019,OECD Digital Services Trade Restrictiveness Index,NZL,New Zealand,Other barriers affecting trade in digitally enabled services,Index: 1 = maximum restriction,0
2024,OECD Digital Services Trade Restrictiveness Index,NZL,New Zealand,Payment system,Index: 1 = maximum restriction,0
2023,OECD Digital Services Trade Restrictiveness Index,NZL,New Zealand,Payment system,Index: 1 = maximum restriction,0
2022,OECD Digital Services Trade Restrictiveness Index,NZL,New Zealand,Payment system,Index: 1 = maximum restriction,0
2021,OECD Digital Services Trade Restrictiveness Index,NZL,New Zealand,Payment system,Index: 1 = maximum restriction,0
2018,OECD Digital Services Trade Restrictiveness Index,NZL,New Zealand,Payment system,Index: 1 = maximum restriction,0
2017,OECD Digital Services Trade Restrictiveness Index,NZL,New Zealand,Payment system,Index: 1 = maximum restriction,0
2016,OECD Digital Services Trade Restrictiveness Index,NZL,New Zealand,Payment system,Index: 1 = maximum restriction,0
2015,OECD Digital Services Trade Restrictiveness Index,NZL,New Zealand,Payment system,Index: 1 = maximum restriction,0
2014,OECD Digital Services Trade Restrictiveness Index,NZL,New Zealand,Payment system,Index: 1 = maximum restriction,0
2020,OECD Digital Services Trade Restrictiveness Index,NZL,New Zealand,Payment system,Index: 1 = maximum restriction,0
2019,OECD Digital Services Trade Restrictiveness Index,NZL,New Zealand,Payment system,Index: 1 = maximum restriction,0
2024,OECD Digital Services Trade Restrictiveness Index,NZL,New Zealand,Intellectual property rights,Index: 1 = maximum restriction,0
2023,OECD Digital Services Trade Restrictiveness Index,NZL,New Zealand,Intellectual property rights,Index: 1 = maximum restriction,0
2022,OECD Digital Services Trade Restrictiveness Index,NZL,New Zealand,Intellectual property rights,Index: 1 = maximum restriction,0
2021,OECD Digital Services Trade Restrictiveness Index,NZL,New Zealand,Intellectual property rights,Index: 1 = maximum restriction,0
2018,OECD Digital Services Trade Restrictiveness Index,NZL,New Zealand,Intellectual property rights,Index: 1 = maximum restriction,0
2017,OECD Digital Services Trade Restrictiveness Index,NZL,New Zealand,Intellectual property rights,Index: 1 = maximum restriction,0
2016,OECD Digital Services Trade Restrictiveness Index,NZL,New Zealand,Intellectual property rights,Index: 1 = maximum restriction,0
2015,OECD Digital Services Trade Restrictiveness Index,NZL,New Zealand,Intellectual property rights,Index: 1 = maximum restriction,0
2014,OECD Digital Services Trade Restrictiveness Index,NZL,New Zealand,Intellectual property rights,Index: 1 = maximum restriction,0
2020,OECD Digital Services Trade Restrictiveness Index,NZL,New Zealand,Intellectual property rights,Index: 1 = maximum restriction,0
2019,OECD Digital Services Trade Restrictiveness Index,NZL,New Zealand,Intellectual property rights,Index: 1 = maximum restriction,0
2024,OECD Digital Services Trade Restrictiveness Index,NOR,Norway,Infrastructure and connectivity,Index: 1 = maximum restriction,0
2023,OECD Digital Services Trade Restrictiveness Index,NOR,Norway,Infrastructure and connectivity,Index: 1 = maximum restriction,0
2022,OECD Digital Services Trade Restrictiveness Index,NOR,Norway,Infrastructure and connectivity,Index: 1 = maximum restriction,0
2021,OECD Digital Services Trade Restrictiveness Index,NOR,Norway,Infrastructure and connectivity,Index: 1 = maximum restriction,0
2018,OECD Digital Services Trade Restrictiveness Index,NOR,Norway,Infrastructure and connectivity,Index: 1 = maximum restriction,0
2017,OECD Digital Services Trade Restrictiveness Index,NOR,Norway,Infrastructure and connectivity,Index: 1 = maximum restriction,0
2016,OECD Digital Services Trade Restrictiveness Index,NOR,Norway,Infrastructure and connectivity,Index: 1 = maximum restriction,0
2015,OECD Digital Services Trade Restrictiveness Index,NOR,Norway,Infrastructure and connectivity,Index: 1 = maximum restriction,0
2014,OECD Digital Services Trade Restrictiveness Index,NOR,Norway,Infrastructure and connectivity,Index: 1 = maximum restriction,0
2020,OECD Digital Services Trade Restrictiveness Index,NOR,Norway,Infrastructure and connectivity,Index: 1 = maximum restriction,0
2019,OECD Digital Services Trade Restrictiveness Index,NOR,Norway,Infrastructure and connectivity,Index: 1 = maximum restriction,0
2024,OECD Digital Services Trade Restrictiveness Index,NOR,Norway,Indicator DSTRI,Index: 1 = maximum restriction,0.02
2023,OECD Digital Services Trade Restrictiveness Index,NOR,Norway,Indicator DSTRI,Index: 1 = maximum restriction,0.02
2022,OECD Digital Services Trade Restrictiveness Index,NOR,Norway,Indicator DSTRI,Index: 1 = maximum restriction,0.02
2021,OECD Digital Services Trade Restrictiveness Index,NOR,Norway,Indicator DSTRI,Index: 1 = maximum restriction,0.02
2018,OECD Digital Services Trade Restrictiveness Index,NOR,Norway,Indicator DSTRI,Index: 1 = maximum restriction,0.02
2017,OECD Digital Services Trade Restrictiveness Index,NOR,Norway,Indicator DSTRI,Index: 1 = maximum restriction,0.04
2016,OECD Digital Services Trade Restrictiveness Index,NOR,Norway,Indicator DSTRI,Index: 1 = maximum restriction,0.04
2015,OECD Digital Services Trade Restrictiveness Index,NOR,Norway,Indicator DSTRI,Index: 1 = maximum restriction,0.04
2014,OECD Digital Services Trade Restrictiveness Index,NOR,Norway,Indicator DSTRI,Index: 1 = maximum restriction,0.04
2020,OECD Digital Services Trade Restrictiveness Index,NOR,Norway,Indicator DSTRI,Index: 1 = maximum restriction,0.02
2019,OECD Digital Services Trade Restrictiveness Index,NOR,Norway,Indicator DSTRI,Index: 1 = maximum restriction,0.02
2024,OECD Digital Services Trade Restrictiveness Index,NOR,Norway,Electronic transactions,Index: 1 = maximum restriction,0.02
2023,OECD Digital Services Trade Restrictiveness Index,NOR,Norway,Electronic transactions,Index: 1 = maximum restriction,0.02
2022,OECD Digital Services Trade Restrictiveness Index,NOR,Norway,Electronic transactions,Index: 1 = maximum restriction,0.02
2021,OECD Digital Services Trade Restrictiveness Index,NOR,Norway,Electronic transactions,Index: 1 = maximum restriction,0.02
2018,OECD Digital Services Trade Restrictiveness Index,NOR,Norway,Electronic transactions,Index: 1 = maximum restriction,0.02
2017,OECD Digital Services Trade Restrictiveness Index,NOR,Norway,Electronic transactions,Index: 1 = maximum restriction,0.02
2016,OECD Digital Services Trade Restrictiveness Index,NOR,Norway,Electronic transactions,Index: 1 = maximum restriction,0.02
2015,OECD Digital Services Trade Restrictiveness Index,NOR,Norway,Electronic transactions,Index: 1 = maximum restriction,0.02
2014,OECD Digital Services Trade Restrictiveness Index,NOR,Norway,Electronic transactions,Index: 1 = maximum restriction,0.02
2020,OECD Digital Services Trade Restrictiveness Index,NOR,Norway,Electronic transactions,Index: 1 = maximum restriction,0.02
2019,OECD Digital Services Trade Restrictiveness Index,NOR,Norway,Electronic transactions,Index: 1 = maximum restriction,0.02
2024,OECD Digital Services Trade Restrictiveness Index,NOR,Norway,Other barriers affecting trade in digitally enabled services,Index: 1 = maximum restriction,0
2023,OECD Digital Services Trade Restrictiveness Index,NOR,Norway,Other barriers affecting trade in digitally enabled services,Index: 1 = maximum restriction,0
2022,OECD Digital Services Trade Restrictiveness Index,NOR,Norway,Other barriers affecting trade in digitally enabled services,Index: 1 = maximum restriction,0
2021,OECD Digital Services Trade Restrictiveness Index,NOR,Norway,Other barriers affecting trade in digitally enabled services,Index: 1 = maximum restriction,0
2018,OECD Digital Services Trade Restrictiveness Index,NOR,Norway,Other barriers affecting trade in digitally enabled services,Index: 1 = maximum restriction,0
2017,OECD Digital Services Trade Restrictiveness Index,NOR,Norway,Other barriers affecting trade in digitally enabled services,Index: 1 = maximum restriction,0
2016,OECD Digital Services Trade Restrictiveness Index,NOR,Norway,Other barriers affecting trade in digitally enabled services,Index: 1 = maximum restriction,0
2015,OECD Digital Services Trade Restrictiveness Index,NOR,Norway,Other barriers affecting trade in digitally enabled services,Index: 1 = maximum restriction,0
2014,OECD Digital Services Trade Restrictiveness Index,NOR,Norway,Other barriers affecting trade in digitally enabled services,Index: 1 = maximum restriction,0
2020,OECD Digital Services Trade Restrictiveness Index,NOR,Norway,Other barriers affecting trade in digitally enabled services,Index: 1 = maximum restriction,0
2019,OECD Digital Services Trade Restrictiveness Index,NOR,Norway,Other barriers affecting trade in digitally enabled services,Index: 1 = maximum restriction,0
2024,OECD Digital Services Trade Restrictiveness Index,NOR,Norway,Payment system,Index: 1 = maximum restriction,0
2023,OECD Digital Services Trade Restrictiveness Index,NOR,Norway,Payment system,Index: 1 = maximum restriction,0
2022,OECD Digital Services Trade Restrictiveness Index,NOR,Norway,Payment system,Index: 1 = maximum restriction,0
2021,OECD Digital Services Trade Restrictiveness Index,NOR,Norway,Payment system,Index: 1 = maximum restriction,0
2018,OECD Digital Services Trade Restrictiveness Index,NOR,Norway,Payment system,Index: 1 = maximum restriction,0
2017,OECD Digital Services Trade Restrictiveness Index,NOR,Norway,Payment system,Index: 1 = maximum restriction,0
2016,OECD Digital Services Trade Restrictiveness Index,NOR,Norway,Payment system,Index: 1 = maximum restriction,0
2015,OECD Digital Services Trade Restrictiveness Index,NOR,Norway,Payment system,Index: 1 = maximum restriction,0
2014,OECD Digital Services Trade Restrictiveness Index,NOR,Norway,Payment system,Index: 1 = maximum restriction,0
2020,OECD Digital Services Trade Restrictiveness Index,NOR,Norway,Payment system,Index: 1 = maximum restriction,0
2019,OECD Digital Services Trade Restrictiveness Index,NOR,Norway,Payment system,Index: 1 = maximum restriction,0
2024,OECD Digital Services Trade Restrictiveness Index,NOR,Norway,Intellectual property rights,Index: 1 = maximum restriction,0
2023,OECD Digital Services Trade Restrictiveness Index,NOR,Norway,Intellectual property rights,Index: 1 = maximum restriction,0
2022,OECD Digital Services Trade Restrictiveness Index,NOR,Norway,Intellectual property rights,Index: 1 = maximum restriction,0
2021,OECD Digital Services Trade Restrictiveness Index,NOR,Norway,Intellectual property rights,Index: 1 = maximum restriction,0
2018,OECD Digital Services Trade Restrictiveness Index,NOR,Norway,Intellectual property rights,Index: 1 = maximum restriction,0
2017,OECD Digital Services Trade Restrictiveness Index,NOR,Norway,Intellectual property rights,Index: 1 = maximum restriction,0.02
2016,OECD Digital Services Trade Restrictiveness Index,NOR,Norway,Intellectual property rights,Index: 1 = maximum restriction,0.02
2015,OECD Digital Services Trade Restrictiveness Index,NOR,Norway,Intellectual property rights,Index: 1 = maximum restriction,0.02
2014,OECD Digital Services Trade Restrictiveness Index,NOR,Norway,Intellectual property rights,Index: 1 = maximum restriction,0.02
2020,OECD Digital Services Trade Restrictiveness Index,NOR,Norway,Intellectual property rights,Index: 1 = maximum restriction,0
2019,OECD Digital Services Trade Restrictiveness Index,NOR,Norway,Intellectual property rights,Index: 1 = maximum restriction,0
2024,OECD Digital Services Trade Restrictiveness Index,POL,Poland,Infrastructure and connectivity,Index: 1 = maximum restriction,0.2
2023,OECD Digital Services Trade Restrictiveness Index,POL,Poland,Infrastructure and connectivity,Index: 1 = maximum restriction,0.2
2022,OECD Digital Services Trade Restrictiveness Index,POL,Poland,Infrastructure and connectivity,Index: 1 = maximum restriction,0.2
2021,OECD Digital Services Trade Restrictiveness Index,POL,Poland,Infrastructure and connectivity,Index: 1 = maximum restriction,0.2
2018,OECD Digital Services Trade Restrictiveness Index,POL,Poland,Infrastructure and connectivity,Index: 1 = maximum restriction,0.2
2017,OECD Digital Services Trade Restrictiveness Index,POL,Poland,Infrastructure and connectivity,Index: 1 = maximum restriction,0.2
2016,OECD Digital Services Trade Restrictiveness Index,POL,Poland,Infrastructure and connectivity,Index: 1 = maximum restriction,0.2
2015,OECD Digital Services Trade Restrictiveness Index,POL,Poland,Infrastructure and connectivity,Index: 1 = maximum restriction,0.04
2014,OECD Digital Services Trade Restrictiveness Index,POL,Poland,Infrastructure and connectivity,Index: 1 = maximum restriction,0.08
2020,OECD Digital Services Trade Restrictiveness Index,POL,Poland,Infrastructure and connectivity,Index: 1 = maximum restriction,0.2
2019,OECD Digital Services Trade Restrictiveness Index,POL,Poland,Infrastructure and connectivity,Index: 1 = maximum restriction,0.2
2024,OECD Digital Services Trade Restrictiveness Index,POL,Poland,Indicator DSTRI,Index: 1 = maximum restriction,0.26
2023,OECD Digital Services Trade Restrictiveness Index,POL,Poland,Indicator DSTRI,Index: 1 = maximum restriction,0.26
2022,OECD Digital Services Trade Restrictiveness Index,POL,Poland,Indicator DSTRI,Index: 1 = maximum restriction,0.26
2021,OECD Digital Services Trade Restrictiveness Index,POL,Poland,Indicator DSTRI,Index: 1 = maximum restriction,0.26
2018,OECD Digital Services Trade Restrictiveness Index,POL,Poland,Indicator DSTRI,Index: 1 = maximum restriction,0.26
2017,OECD Digital Services Trade Restrictiveness Index,POL,Poland,Indicator DSTRI,Index: 1 = maximum restriction,0.24
2016,OECD Digital Services Trade Restrictiveness Index,POL,Poland,Indicator DSTRI,Index: 1 = maximum restriction,0.24
2015,OECD Digital Services Trade Restrictiveness Index,POL,Poland,Indicator DSTRI,Index: 1 = maximum restriction,0.08
2014,OECD Digital Services Trade Restrictiveness Index,POL,Poland,Indicator DSTRI,Index: 1 = maximum restriction,0.12
2020,OECD Digital Services Trade Restrictiveness Index,POL,Poland,Indicator DSTRI,Index: 1 = maximum restriction,0.26
2019,OECD Digital Services Trade Restrictiveness Index,POL,Poland,Indicator DSTRI,Index: 1 = maximum restriction,0.26
2024,OECD Digital Services Trade Restrictiveness Index,POL,Poland,Electronic transactions,Index: 1 = maximum restriction,0.02
2023,OECD Digital Services Trade Restrictiveness Index,POL,Poland,Electronic transactions,Index: 1 = maximum restriction,0.02
2022,OECD Digital Services Trade Restrictiveness Index,POL,Poland,Electronic transactions,Index: 1 = maximum restriction,0.02
2021,OECD Digital Services Trade Restrictiveness Index,POL,Poland,Electronic transactions,Index: 1 = maximum restriction,0.02
2018,OECD Digital Services Trade Restrictiveness Index,POL,Poland,Electronic transactions,Index: 1 = maximum restriction,0.02
2017,OECD Digital Services Trade Restrictiveness Index,POL,Poland,Electronic transactions,Index: 1 = maximum restriction,0.02
2016,OECD Digital Services Trade Restrictiveness Index,POL,Poland,Electronic transactions,Index: 1 = maximum restriction,0.02
2015,OECD Digital Services Trade Restrictiveness Index,POL,Poland,Electronic transactions,Index: 1 = maximum restriction,0.02
2014,OECD Digital Services Trade Restrictiveness Index,POL,Poland,Electronic transactions,Index: 1 = maximum restriction,0.02
2020,OECD Digital Services Trade Restrictiveness Index,POL,Poland,Electronic transactions,Index: 1 = maximum restriction,0.02
2019,OECD Digital Services Trade Restrictiveness Index,POL,Poland,Electronic transactions,Index: 1 = maximum restriction,0.02
2024,OECD Digital Services Trade Restrictiveness Index,POL,Poland,Other barriers affecting trade in digitally enabled services,Index: 1 = maximum restriction,0.04
2023,OECD Digital Services Trade Restrictiveness Index,POL,Poland,Other barriers affecting trade in digitally enabled services,Index: 1 = maximum restriction,0.04
2022,OECD Digital Services Trade Restrictiveness Index,POL,Poland,Other barriers affecting trade in digitally enabled services,Index: 1 = maximum restriction,0.04
2021,OECD Digital Services Trade Restrictiveness Index,POL,Poland,Other barriers affecting trade in digitally enabled services,Index: 1 = maximum restriction,0.04
2018,OECD Digital Services Trade Restrictiveness Index,POL,Poland,Other barriers affecting trade in digitally enabled services,Index: 1 = maximum restriction,0.04
2017,OECD Digital Services Trade Restrictiveness Index,POL,Poland,Other barriers affecting trade in digitally enabled services,Index: 1 = maximum restriction,0.02
2016,OECD Digital Services Trade Restrictiveness Index,POL,Poland,Other barriers affecting trade in digitally enabled services,Index: 1 = maximum restriction,0.02
2015,OECD Digital Services Trade Restrictiveness Index,POL,Poland,Other barriers affecting trade in digitally enabled services,Index: 1 = maximum restriction,0.02
2014,OECD Digital Services Trade Restrictiveness Index,POL,Poland,Other barriers affecting trade in digitally enabled services,Index: 1 = maximum restriction,0.02
2020,OECD Digital Services Trade Restrictiveness Index,POL,Poland,Other barriers affecting trade in digitally enabled services,Index: 1 = maximum restriction,0.04
2019,OECD Digital Services Trade Restrictiveness Index,POL,Poland,Other barriers affecting trade in digitally enabled services,Index: 1 = maximum restriction,0.04
2024,OECD Digital Services Trade Restrictiveness Index,POL,Poland,Payment system,Index: 1 = maximum restriction,0
2023,OECD Digital Services Trade Restrictiveness Index,POL,Poland,Payment system,Index: 1 = maximum restriction,0
2022,OECD Digital Services Trade Restrictiveness Index,POL,Poland,Payment system,Index: 1 = maximum restriction,0
2021,OECD Digital Services Trade Restrictiveness Index,POL,Poland,Payment system,Index: 1 = maximum restriction,0
2018,OECD Digital Services Trade Restrictiveness Index,POL,Poland,Payment system,Index: 1 = maximum restriction,0
2017,OECD Digital Services Trade Restrictiveness Index,POL,Poland,Payment system,Index: 1 = maximum restriction,0
2016,OECD Digital Services Trade Restrictiveness Index,POL,Poland,Payment system,Index: 1 = maximum restriction,0
2015,OECD Digital Services Trade Restrictiveness Index,POL,Poland,Payment system,Index: 1 = maximum restriction,0
2014,OECD Digital Services Trade Restrictiveness Index,POL,Poland,Payment system,Index: 1 = maximum restriction,0
2020,OECD Digital Services Trade Restrictiveness Index,POL,Poland,Payment system,Index: 1 = maximum restriction,0
2019,OECD Digital Services Trade Restrictiveness Index,POL,Poland,Payment system,Index: 1 = maximum restriction,0
2024,OECD Digital Services Trade Restrictiveness Index,POL,Poland,Intellectual property rights,Index: 1 = maximum restriction,0
2023,OECD Digital Services Trade Restrictiveness Index,POL,Poland,Intellectual property rights,Index: 1 = maximum restriction,0
2022,OECD Digital Services Trade Restrictiveness Index,POL,Poland,Intellectual property rights,Index: 1 = maximum restriction,0
2021,OECD Digital Services Trade Restrictiveness Index,POL,Poland,Intellectual property rights,Index: 1 = maximum restriction,0
2018,OECD Digital Services Trade Restrictiveness Index,POL,Poland,Intellectual property rights,Index: 1 = maximum restriction,0
2017,OECD Digital Services Trade Restrictiveness Index,POL,Poland,Intellectual property rights,Index: 1 = maximum restriction,0
2016,OECD Digital Services Trade Restrictiveness Index,POL,Poland,Intellectual property rights,Index: 1 = maximum restriction,0
2015,OECD Digital Services Trade Restrictiveness Index,POL,Poland,Intellectual property rights,Index: 1 = maximum restriction,0
2014,OECD Digital Services Trade Restrictiveness Index,POL,Poland,Intellectual property rights,Index: 1 = maximum restriction,0
2020,OECD Digital Services Trade Restrictiveness Index,POL,Poland,Intellectual property rights,Index: 1 = maximum restriction,0
2019,OECD Digital Services Trade Restrictiveness Index,POL,Poland,Intellectual property rights,Index: 1 = maximum restriction,0
2024,OECD Digital Services Trade Restrictiveness Index,PRT,Portugal,Infrastructure and connectivity,Index: 1 = maximum restriction,0
2023,OECD Digital Services Trade Restrictiveness Index,PRT,Portugal,Infrastructure and connectivity,Index: 1 = maximum restriction,0
2022,OECD Digital Services Trade Restrictiveness Index,PRT,Portugal,Infrastructure and connectivity,Index: 1 = maximum restriction,0
2021,OECD Digital Services Trade Restrictiveness Index,PRT,Portugal,Infrastructure and connectivity,Index: 1 = maximum restriction,0
2018,OECD Digital Services Trade Restrictiveness Index,PRT,Portugal,Infrastructure and connectivity,Index: 1 = maximum restriction,0
2017,OECD Digital Services Trade Restrictiveness Index,PRT,Portugal,Infrastructure and connectivity,Index: 1 = maximum restriction,0
2016,OECD Digital Services Trade Restrictiveness Index,PRT,Portugal,Infrastructure and connectivity,Index: 1 = maximum restriction,0
2015,OECD Digital Services Trade Restrictiveness Index,PRT,Portugal,Infrastructure and connectivity,Index: 1 = maximum restriction,0
2014,OECD Digital Services Trade Restrictiveness Index,PRT,Portugal,Infrastructure and connectivity,Index: 1 = maximum restriction,0.04
2020,OECD Digital Services Trade Restrictiveness Index,PRT,Portugal,Infrastructure and connectivity,Index: 1 = maximum restriction,0
2019,OECD Digital Services Trade Restrictiveness Index,PRT,Portugal,Infrastructure and connectivity,Index: 1 = maximum restriction,0
2024,OECD Digital Services Trade Restrictiveness Index,PRT,Portugal,Indicator DSTRI,Index: 1 = maximum restriction,0.1
2023,OECD Digital Services Trade Restrictiveness Index,PRT,Portugal,Indicator DSTRI,Index: 1 = maximum restriction,0.1
2022,OECD Digital Services Trade Restrictiveness Index,PRT,Portugal,Indicator DSTRI,Index: 1 = maximum restriction,0.1
2021,OECD Digital Services Trade Restrictiveness Index,PRT,Portugal,Indicator DSTRI,Index: 1 = maximum restriction,0.1
2018,OECD Digital Services Trade Restrictiveness Index,PRT,Portugal,Indicator DSTRI,Index: 1 = maximum restriction,0.1
2017,OECD Digital Services Trade Restrictiveness Index,PRT,Portugal,Indicator DSTRI,Index: 1 = maximum restriction,0.08
2016,OECD Digital Services Trade Restrictiveness Index,PRT,Portugal,Indicator DSTRI,Index: 1 = maximum restriction,0.08
2015,OECD Digital Services Trade Restrictiveness Index,PRT,Portugal,Indicator DSTRI,Index: 1 = maximum restriction,0.08
2014,OECD Digital Services Trade Restrictiveness Index,PRT,Portugal,Indicator DSTRI,Index: 1 = maximum restriction,0.12
2020,OECD Digital Services Trade Restrictiveness Index,PRT,Portugal,Indicator DSTRI,Index: 1 = maximum restriction,0.1
2019,OECD Digital Services Trade Restrictiveness Index,PRT,Portugal,Indicator DSTRI,Index: 1 = maximum restriction,0.1
2024,OECD Digital Services Trade Restrictiveness Index,PRT,Portugal,Electronic transactions,Index: 1 = maximum restriction,0.04
2023,OECD Digital Services Trade Restrictiveness Index,PRT,Portugal,Electronic transactions,Index: 1 = maximum restriction,0.04
2022,OECD Digital Services Trade Restrictiveness Index,PRT,Portugal,Electronic transactions,Index: 1 = maximum restriction,0.04
2021,OECD Digital Services Trade Restrictiveness Index,PRT,Portugal,Electronic transactions,Index: 1 = maximum restriction,0.04
2018,OECD Digital Services Trade Restrictiveness Index,PRT,Portugal,Electronic transactions,Index: 1 = maximum restriction,0.04
2017,OECD Digital Services Trade Restrictiveness Index,PRT,Portugal,Electronic transactions,Index: 1 = maximum restriction,0.04
2016,OECD Digital Services Trade Restrictiveness Index,PRT,Portugal,Electronic transactions,Index: 1 = maximum restriction,0.04
2015,OECD Digital Services Trade Restrictiveness Index,PRT,Portugal,Electronic transactions,Index: 1 = maximum restriction,0.04
2014,OECD Digital Services Trade Restrictiveness Index,PRT,Portugal,Electronic transactions,Index: 1 = maximum restriction,0.04
2020,OECD Digital Services Trade Restrictiveness Index,PRT,Portugal,Electronic transactions,Index: 1 = maximum restriction,0.04
2019,OECD Digital Services Trade Restrictiveness Index,PRT,Portugal,Electronic transactions,Index: 1 = maximum restriction,0.04
2024,OECD Digital Services Trade Restrictiveness Index,PRT,Portugal,Other barriers affecting trade in digitally enabled services,Index: 1 = maximum restriction,0.04
2023,OECD Digital Services Trade Restrictiveness Index,PRT,Portugal,Other barriers affecting trade in digitally enabled services,Index: 1 = maximum restriction,0.04
2022,OECD Digital Services Trade Restrictiveness Index,PRT,Portugal,Other barriers affecting trade in digitally enabled services,Index: 1 = maximum restriction,0.04
2021,OECD Digital Services Trade Restrictiveness Index,PRT,Portugal,Other barriers affecting trade in digitally enabled services,Index: 1 = maximum restriction,0.04
2018,OECD Digital Services Trade Restrictiveness Index,PRT,Portugal,Other barriers affecting trade in digitally enabled services,Index: 1 = maximum restriction,0.04
2017,OECD Digital Services Trade Restrictiveness Index,PRT,Portugal,Other barriers affecting trade in digitally enabled services,Index: 1 = maximum restriction,0.02
2016,OECD Digital Services Trade Restrictiveness Index,PRT,Portugal,Other barriers affecting trade in digitally enabled services,Index: 1 = maximum restriction,0.02
2015,OECD Digital Services Trade Restrictiveness Index,PRT,Portugal,Other barriers affecting trade in digitally enabled services,Index: 1 = maximum restriction,0.02
2014,OECD Digital Services Trade Restrictiveness Index,PRT,Portugal,Other barriers affecting trade in digitally enabled services,Index: 1 = maximum restriction,0.02
2020,OECD Digital Services Trade Restrictiveness Index,PRT,Portugal,Other barriers affecting trade in digitally enabled services,Index: 1 = maximum restriction,0.04
2019,OECD Digital Services Trade Restrictiveness Index,PRT,Portugal,Other barriers affecting trade in digitally enabled services,Index: 1 = maximum restriction,0.04
2024,OECD Digital Services Trade Restrictiveness Index,PRT,Portugal,Payment system,Index: 1 = maximum restriction,0.02
2023,OECD Digital Services Trade Restrictiveness Index,PRT,Portugal,Payment system,Index: 1 = maximum restriction,0.02
2022,OECD Digital Services Trade Restrictiveness Index,PRT,Portugal,Payment system,Index: 1 = maximum restriction,0.02
2021,OECD Digital Services Trade Restrictiveness Index,PRT,Portugal,Payment system,Index: 1 = maximum restriction,0.02
2018,OECD Digital Services Trade Restrictiveness Index,PRT,Portugal,Payment system,Index: 1 = maximum restriction,0.02
2017,OECD Digital Services Trade Restrictiveness Index,PRT,Portugal,Payment system,Index: 1 = maximum restriction,0.02
2016,OECD Digital Services Trade Restrictiveness Index,PRT,Portugal,Payment system,Index: 1 = maximum restriction,0.02
2015,OECD Digital Services Trade Restrictiveness Index,PRT,Portugal,Payment system,Index: 1 = maximum restriction,0.02
2014,OECD Digital Services Trade Restrictiveness Index,PRT,Portugal,Payment system,Index: 1 = maximum restriction,0.02
2020,OECD Digital Services Trade Restrictiveness Index,PRT,Portugal,Payment system,Index: 1 = maximum restriction,0.02
2019,OECD Digital Services Trade Restrictiveness Index,PRT,Portugal,Payment system,Index: 1 = maximum restriction,0.02
2024,OECD Digital Services Trade Restrictiveness Index,PRT,Portugal,Intellectual property rights,Index: 1 = maximum restriction,0
2023,OECD Digital Services Trade Restrictiveness Index,PRT,Portugal,Intellectual property rights,Index: 1 = maximum restriction,0
2022,OECD Digital Services Trade Restrictiveness Index,PRT,Portugal,Intellectual property rights,Index: 1 = maximum restriction,0
2021,OECD Digital Services Trade Restrictiveness Index,PRT,Portugal,Intellectual property rights,Index: 1 = maximum restriction,0
2018,OECD Digital Services Trade Restrictiveness Index,PRT,Portugal,Intellectual property rights,Index: 1 = maximum restriction,0
2017,OECD Digital Services Trade Restrictiveness Index,PRT,Portugal,Intellectual property rights,Index: 1 = maximum restriction,0
2016,OECD Digital Services Trade Restrictiveness Index,PRT,Portugal,Intellectual property rights,Index: 1 = maximum restriction,0
2015,OECD Digital Services Trade Restrictiveness Index,PRT,Portugal,Intellectual property rights,Index: 1 = maximum restriction,0
2014,OECD Digital Services Trade Restrictiveness Index,PRT,Portugal,Intellectual property rights,Index: 1 = maximum restriction,0
2020,OECD Digital Services Trade Restrictiveness Index,PRT,Portugal,Intellectual property rights,Index: 1 = maximum restriction,0
2019,OECD Digital Services Trade Restrictiveness Index,PRT,Portugal,Intellectual property rights,Index: 1 = maximum restriction,0
2024,OECD Digital Services Trade Restrictiveness Index,SVK,Slovak Republic,Infrastructure and connectivity,Index: 1 = maximum restriction,0
2023,OECD Digital Services Trade Restrictiveness Index,SVK,Slovak Republic,Infrastructure and connectivity,Index: 1 = maximum restriction,0
2022,OECD Digital Services Trade Restrictiveness Index,SVK,Slovak Republic,Infrastructure and connectivity,Index: 1 = maximum restriction,0
2021,OECD Digital Services Trade Restrictiveness Index,SVK,Slovak Republic,Infrastructure and connectivity,Index: 1 = maximum restriction,0
2018,OECD Digital Services Trade Restrictiveness Index,SVK,Slovak Republic,Infrastructure and connectivity,Index: 1 = maximum restriction,0
2017,OECD Digital Services Trade Restrictiveness Index,SVK,Slovak Republic,Infrastructure and connectivity,Index: 1 = maximum restriction,0
2016,OECD Digital Services Trade Restrictiveness Index,SVK,Slovak Republic,Infrastructure and connectivity,Index: 1 = maximum restriction,0
2015,OECD Digital Services Trade Restrictiveness Index,SVK,Slovak Republic,Infrastructure and connectivity,Index: 1 = maximum restriction,0
2014,OECD Digital Services Trade Restrictiveness Index,SVK,Slovak Republic,Infrastructure and connectivity,Index: 1 = maximum restriction,0
2020,OECD Digital Services Trade Restrictiveness Index,SVK,Slovak Republic,Infrastructure and connectivity,Index: 1 = maximum restriction,0
2019,OECD Digital Services Trade Restrictiveness Index,SVK,Slovak Republic,Infrastructure and connectivity,Index: 1 = maximum restriction,0
2024,OECD Digital Services Trade Restrictiveness Index,SVK,Slovak Republic,Indicator DSTRI,Index: 1 = maximum restriction,0.06
2023,OECD Digital Services Trade Restrictiveness Index,SVK,Slovak Republic,Indicator DSTRI,Index: 1 = maximum restriction,0.06
2022,OECD Digital Services Trade Restrictiveness Index,SVK,Slovak Republic,Indicator DSTRI,Index: 1 = maximum restriction,0.06
2021,OECD Digital Services Trade Restrictiveness Index,SVK,Slovak Republic,Indicator DSTRI,Index: 1 = maximum restriction,0.06
2018,OECD Digital Services Trade Restrictiveness Index,SVK,Slovak Republic,Indicator DSTRI,Index: 1 = maximum restriction,0.06
2017,OECD Digital Services Trade Restrictiveness Index,SVK,Slovak Republic,Indicator DSTRI,Index: 1 = maximum restriction,0.04
2016,OECD Digital Services Trade Restrictiveness Index,SVK,Slovak Republic,Indicator DSTRI,Index: 1 = maximum restriction,0.04
2015,OECD Digital Services Trade Restrictiveness Index,SVK,Slovak Republic,Indicator DSTRI,Index: 1 = maximum restriction,0.04
2014,OECD Digital Services Trade Restrictiveness Index,SVK,Slovak Republic,Indicator DSTRI,Index: 1 = maximum restriction,0.04
2020,OECD Digital Services Trade Restrictiveness Index,SVK,Slovak Republic,Indicator DSTRI,Index: 1 = maximum restriction,0.06
2019,OECD Digital Services Trade Restrictiveness Index,SVK,Slovak Republic,Indicator DSTRI,Index: 1 = maximum restriction,0.06
2024,OECD Digital Services Trade Restrictiveness Index,SVK,Slovak Republic,Electronic transactions,Index: 1 = maximum restriction,0.02
2023,OECD Digital Services Trade Restrictiveness Index,SVK,Slovak Republic,Electronic transactions,Index: 1 = maximum restriction,0.02
2022,OECD Digital Services Trade Restrictiveness Index,SVK,Slovak Republic,Electronic transactions,Index: 1 = maximum restriction,0.02
2021,OECD Digital Services Trade Restrictiveness Index,SVK,Slovak Republic,Electronic transactions,Index: 1 = maximum restriction,0.02
2018,OECD Digital Services Trade Restrictiveness Index,SVK,Slovak Republic,Electronic transactions,Index: 1 = maximum restriction,0.02
2017,OECD Digital Services Trade Restrictiveness Index,SVK,Slovak Republic,Electronic transactions,Index: 1 = maximum restriction,0.02
2016,OECD Digital Services Trade Restrictiveness Index,SVK,Slovak Republic,Electronic transactions,Index: 1 = maximum restriction,0.02
2015,OECD Digital Services Trade Restrictiveness Index,SVK,Slovak Republic,Electronic transactions,Index: 1 = maximum restriction,0.02
2014,OECD Digital Services Trade Restrictiveness Index,SVK,Slovak Republic,Electronic transactions,Index: 1 = maximum restriction,0.02
2020,OECD Digital Services Trade Restrictiveness Index,SVK,Slovak Republic,Electronic transactions,Index: 1 = maximum restriction,0.02
2019,OECD Digital Services Trade Restrictiveness Index,SVK,Slovak Republic,Electronic transactions,Index: 1 = maximum restriction,0.02
2024,OECD Digital Services Trade Restrictiveness Index,SVK,Slovak Republic,Other barriers affecting trade in digitally enabled services,Index: 1 = maximum restriction,0.02
2023,OECD Digital Services Trade Restrictiveness Index,SVK,Slovak Republic,Other barriers affecting trade in digitally enabled services,Index: 1 = maximum restriction,0.02
2022,OECD Digital Services Trade Restrictiveness Index,SVK,Slovak Republic,Other barriers affecting trade in digitally enabled services,Index: 1 = maximum restriction,0.02
2021,OECD Digital Services Trade Restrictiveness Index,SVK,Slovak Republic,Other barriers affecting trade in digitally enabled services,Index: 1 = maximum restriction,0.02
2018,OECD Digital Services Trade Restrictiveness Index,SVK,Slovak Republic,Other barriers affecting trade in digitally enabled services,Index: 1 = maximum restriction,0.02
2017,OECD Digital Services Trade Restrictiveness Index,SVK,Slovak Republic,Other barriers affecting trade in digitally enabled services,Index: 1 = maximum restriction,0
2016,OECD Digital Services Trade Restrictiveness Index,SVK,Slovak Republic,Other barriers affecting trade in digitally enabled services,Index: 1 = maximum restriction,0
2015,OECD Digital Services Trade Restrictiveness Index,SVK,Slovak Republic,Other barriers affecting trade in digitally enabled services,Index: 1 = maximum restriction,0
2014,OECD Digital Services Trade Restrictiveness Index,SVK,Slovak Republic,Other barriers affecting trade in digitally enabled services,Index: 1 = maximum restriction,0
2020,OECD Digital Services Trade Restrictiveness Index,SVK,Slovak Republic,Other barriers affecting trade in digitally enabled services,Index: 1 = maximum restriction,0.02
2019,OECD Digital Services Trade Restrictiveness Index,SVK,Slovak Republic,Other barriers affecting trade in digitally enabled services,Index: 1 = maximum restriction,0.02
2024,OECD Digital Services Trade Restrictiveness Index,SVK,Slovak Republic,Payment system,Index: 1 = maximum restriction,0.02
2023,OECD Digital Services Trade Restrictiveness Index,SVK,Slovak Republic,Payment system,Index: 1 = maximum restriction,0.02
2022,OECD Digital Services Trade Restrictiveness Index,SVK,Slovak Republic,Payment system,Index: 1 = maximum restriction,0.02
2021,OECD Digital Services Trade Restrictiveness Index,SVK,Slovak Republic,Payment system,Index: 1 = maximum restriction,0.02
2018,OECD Digital Services Trade Restrictiveness Index,SVK,Slovak Republic,Payment system,Index: 1 = maximum restriction,0.02
2017,OECD Digital Services Trade Restrictiveness Index,SVK,Slovak Republic,Payment system,Index: 1 = maximum restriction,0.02
2016,OECD Digital Services Trade Restrictiveness Index,SVK,Slovak Republic,Payment system,Index: 1 = maximum restriction,0.02
2015,OECD Digital Services Trade Restrictiveness Index,SVK,Slovak Republic,Payment system,Index: 1 = maximum restriction,0.02
2014,OECD Digital Services Trade Restrictiveness Index,SVK,Slovak Republic,Payment system,Index: 1 = maximum restriction,0.02
2020,OECD Digital Services Trade Restrictiveness Index,SVK,Slovak Republic,Payment system,Index: 1 = maximum restriction,0.02
2019,OECD Digital Services Trade Restrictiveness Index,SVK,Slovak Republic,Payment system,Index: 1 = maximum restriction,0.02
2024,OECD Digital Services Trade Restrictiveness Index,SVK,Slovak Republic,Intellectual property rights,Index: 1 = maximum restriction,0
2023,OECD Digital Services Trade Restrictiveness Index,SVK,Slovak Republic,Intellectual property rights,Index: 1 = maximum restriction,0
2022,OECD Digital Services Trade Restrictiveness Index,SVK,Slovak Republic,Intellectual property rights,Index: 1 = maximum restriction,0
2021,OECD Digital Services Trade Restrictiveness Index,SVK,Slovak Republic,Intellectual property rights,Index: 1 = maximum restriction,0
2018,OECD Digital Services Trade Restrictiveness Index,SVK,Slovak Republic,Intellectual property rights,Index: 1 = maximum restriction,0
2017,OECD Digital Services Trade Restrictiveness Index,SVK,Slovak Republic,Intellectual property rights,Index: 1 = maximum restriction,0
2016,OECD Digital Services Trade Restrictiveness Index,SVK,Slovak Republic,Intellectual property rights,Index: 1 = maximum restriction,0
2015,OECD Digital Services Trade Restrictiveness Index,SVK,Slovak Republic,Intellectual property rights,Index: 1 = maximum restriction,0
2014,OECD Digital Services Trade Restrictiveness Index,SVK,Slovak Republic,Intellectual property rights,Index: 1 = maximum restriction,0
2020,OECD Digital Services Trade Restrictiveness Index,SVK,Slovak Republic,Intellectual property rights,Index: 1 = maximum restriction,0
2019,OECD Digital Services Trade Restrictiveness Index,SVK,Slovak Republic,Intellectual property rights,Index: 1 = maximum restriction,0
2024,OECD Digital Services Trade Restrictiveness Index,SVN,Slovenia,Infrastructure and connectivity,Index: 1 = maximum restriction,0.12
2023,OECD Digital Services Trade Restrictiveness Index,SVN,Slovenia,Infrastructure and connectivity,Index: 1 = maximum restriction,0.12
2022,OECD Digital Services Trade Restrictiveness Index,SVN,Slovenia,Infrastructure and connectivity,Index: 1 = maximum restriction,0.12
2021,OECD Digital Services Trade Restrictiveness Index,SVN,Slovenia,Infrastructure and connectivity,Index: 1 = maximum restriction,0.12
2018,OECD Digital Services Trade Restrictiveness Index,SVN,Slovenia,Infrastructure and connectivity,Index: 1 = maximum restriction,0.12
2017,OECD Digital Services Trade Restrictiveness Index,SVN,Slovenia,Infrastructure and connectivity,Index: 1 = maximum restriction,0
2016,OECD Digital Services Trade Restrictiveness Index,SVN,Slovenia,Infrastructure and connectivity,Index: 1 = maximum restriction,0
2015,OECD Digital Services Trade Restrictiveness Index,SVN,Slovenia,Infrastructure and connectivity,Index: 1 = maximum restriction,0
2014,OECD Digital Services Trade Restrictiveness Index,SVN,Slovenia,Infrastructure and connectivity,Index: 1 = maximum restriction,0
2020,OECD Digital Services Trade Restrictiveness Index,SVN,Slovenia,Infrastructure and connectivity,Index: 1 = maximum restriction,0.12
2019,OECD Digital Services Trade Restrictiveness Index,SVN,Slovenia,Infrastructure and connectivity,Index: 1 = maximum restriction,0.12
2024,OECD Digital Services Trade Restrictiveness Index,SVN,Slovenia,Indicator DSTRI,Index: 1 = maximum restriction,0.14
2023,OECD Digital Services Trade Restrictiveness Index,SVN,Slovenia,Indicator DSTRI,Index: 1 = maximum restriction,0.14
2022,OECD Digital Services Trade Restrictiveness Index,SVN,Slovenia,Indicator DSTRI,Index: 1 = maximum restriction,0.14
2021,OECD Digital Services Trade Restrictiveness Index,SVN,Slovenia,Indicator DSTRI,Index: 1 = maximum restriction,0.14
2018,OECD Digital Services Trade Restrictiveness Index,SVN,Slovenia,Indicator DSTRI,Index: 1 = maximum restriction,0.14
2017,OECD Digital Services Trade Restrictiveness Index,SVN,Slovenia,Indicator DSTRI,Index: 1 = maximum restriction,0
2016,OECD Digital Services Trade Restrictiveness Index,SVN,Slovenia,Indicator DSTRI,Index: 1 = maximum restriction,0
2015,OECD Digital Services Trade Restrictiveness Index,SVN,Slovenia,Indicator DSTRI,Index: 1 = maximum restriction,0.02
2014,OECD Digital Services Trade Restrictiveness Index,SVN,Slovenia,Indicator DSTRI,Index: 1 = maximum restriction,0.02
2020,OECD Digital Services Trade Restrictiveness Index,SVN,Slovenia,Indicator DSTRI,Index: 1 = maximum restriction,0.14
2019,OECD Digital Services Trade Restrictiveness Index,SVN,Slovenia,Indicator DSTRI,Index: 1 = maximum restriction,0.14
2024,OECD Digital Services Trade Restrictiveness Index,SVN,Slovenia,Electronic transactions,Index: 1 = maximum restriction,0
2023,OECD Digital Services Trade Restrictiveness Index,SVN,Slovenia,Electronic transactions,Index: 1 = maximum restriction,0
2022,OECD Digital Services Trade Restrictiveness Index,SVN,Slovenia,Electronic transactions,Index: 1 = maximum restriction,0
2021,OECD Digital Services Trade Restrictiveness Index,SVN,Slovenia,Electronic transactions,Index: 1 = maximum restriction,0
2018,OECD Digital Services Trade Restrictiveness Index,SVN,Slovenia,Electronic transactions,Index: 1 = maximum restriction,0
2017,OECD Digital Services Trade Restrictiveness Index,SVN,Slovenia,Electronic transactions,Index: 1 = maximum restriction,0
2016,OECD Digital Services Trade Restrictiveness Index,SVN,Slovenia,Electronic transactions,Index: 1 = maximum restriction,0
2015,OECD Digital Services Trade Restrictiveness Index,SVN,Slovenia,Electronic transactions,Index: 1 = maximum restriction,0.02
2014,OECD Digital Services Trade Restrictiveness Index,SVN,Slovenia,Electronic transactions,Index: 1 = maximum restriction,0.02
2020,OECD Digital Services Trade Restrictiveness Index,SVN,Slovenia,Electronic transactions,Index: 1 = maximum restriction,0
2019,OECD Digital Services Trade Restrictiveness Index,SVN,Slovenia,Electronic transactions,Index: 1 = maximum restriction,0
2024,OECD Digital Services Trade Restrictiveness Index,SVN,Slovenia,Other barriers affecting trade in digitally enabled services,Index: 1 = maximum restriction,0.02
2023,OECD Digital Services Trade Restrictiveness Index,SVN,Slovenia,Other barriers affecting trade in digitally enabled services,Index: 1 = maximum restriction,0.02
2022,OECD Digital Services Trade Restrictiveness Index,SVN,Slovenia,Other barriers affecting trade in digitally enabled services,Index: 1 = maximum restriction,0.02
2021,OECD Digital Services Trade Restrictiveness Index,SVN,Slovenia,Other barriers affecting trade in digitally enabled services,Index: 1 = maximum restriction,0.02
2018,OECD Digital Services Trade Restrictiveness Index,SVN,Slovenia,Other barriers affecting trade in digitally enabled services,Index: 1 = maximum restriction,0.02
2017,OECD Digital Services Trade Restrictiveness Index,SVN,Slovenia,Other barriers affecting trade in digitally enabled services,Index: 1 = maximum restriction,0
2016,OECD Digital Services Trade Restrictiveness Index,SVN,Slovenia,Other barriers affecting trade in digitally enabled services,Index: 1 = maximum restriction,0
2015,OECD Digital Services Trade Restrictiveness Index,SVN,Slovenia,Other barriers affecting trade in digitally enabled services,Index: 1 = maximum restriction,0
2014,OECD Digital Services Trade Restrictiveness Index,SVN,Slovenia,Other barriers affecting trade in digitally enabled services,Index: 1 = maximum restriction,0
2020,OECD Digital Services Trade Restrictiveness Index,SVN,Slovenia,Other barriers affecting trade in digitally enabled services,Index: 1 = maximum restriction,0.02
2019,OECD Digital Services Trade Restrictiveness Index,SVN,Slovenia,Other barriers affecting trade in digitally enabled services,Index: 1 = maximum restriction,0.02
2024,OECD Digital Services Trade Restrictiveness Index,SVN,Slovenia,Payment system,Index: 1 = maximum restriction,0
2023,OECD Digital Services Trade Restrictiveness Index,SVN,Slovenia,Payment system,Index: 1 = maximum restriction,0
2022,OECD Digital Services Trade Restrictiveness Index,SVN,Slovenia,Payment system,Index: 1 = maximum restriction,0
2021,OECD Digital Services Trade Restrictiveness Index,SVN,Slovenia,Payment system,Index: 1 = maximum restriction,0
2018,OECD Digital Services Trade Restrictiveness Index,SVN,Slovenia,Payment system,Index: 1 = maximum restriction,0
2017,OECD Digital Services Trade Restrictiveness Index,SVN,Slovenia,Payment system,Index: 1 = maximum restriction,0
2016,OECD Digital Services Trade Restrictiveness Index,SVN,Slovenia,Payment system,Index: 1 = maximum restriction,0
2015,OECD Digital Services Trade Restrictiveness Index,SVN,Slovenia,Payment system,Index: 1 = maximum restriction,0
2014,OECD Digital Services Trade Restrictiveness Index,SVN,Slovenia,Payment system,Index: 1 = maximum restriction,0
2020,OECD Digital Services Trade Restrictiveness Index,SVN,Slovenia,Payment system,Index: 1 = maximum restriction,0
2019,OECD Digital Services Trade Restrictiveness Index,SVN,Slovenia,Payment system,Index: 1 = maximum restriction,0
2024,OECD Digital Services Trade Restrictiveness Index,SVN,Slovenia,Intellectual property rights,Index: 1 = maximum restriction,0
2023,OECD Digital Services Trade Restrictiveness Index,SVN,Slovenia,Intellectual property rights,Index: 1 = maximum restriction,0
2022,OECD Digital Services Trade Restrictiveness Index,SVN,Slovenia,Intellectual property rights,Index: 1 = maximum restriction,0
2021,OECD Digital Services Trade Restrictiveness Index,SVN,Slovenia,Intellectual property rights,Index: 1 = maximum restriction,0
2018,OECD Digital Services Trade Restrictiveness Index,SVN,Slovenia,Intellectual property rights,Index: 1 = maximum restriction,0
2017,OECD Digital Services Trade Restrictiveness Index,SVN,Slovenia,Intellectual property rights,Index: 1 = maximum restriction,0
2016,OECD Digital Services Trade Restrictiveness Index,SVN,Slovenia,Intellectual property rights,Index: 1 = maximum restriction,0
2015,OECD Digital Services Trade Restrictiveness Index,SVN,Slovenia,Intellectual property rights,Index: 1 = maximum restriction,0
2014,OECD Digital Services Trade Restrictiveness Index,SVN,Slovenia,Intellectual property rights,Index: 1 = maximum restriction,0
2020,OECD Digital Services Trade Restrictiveness Index,SVN,Slovenia,Intellectual property rights,Index: 1 = maximum restriction,0
2019,OECD Digital Services Trade Restrictiveness Index,SVN,Slovenia,Intellectual property rights,Index: 1 = maximum restriction,0
2024,OECD Digital Services Trade Restrictiveness Index,ESP,Spain,Infrastructure and connectivity,Index: 1 = maximum restriction,0.16
2023,OECD Digital Services Trade Restrictiveness Index,ESP,Spain,Infrastructure and connectivity,Index: 1 = maximum restriction,0.16
2022,OECD Digital Services Trade Restrictiveness Index,ESP,Spain,Infrastructure and connectivity,Index: 1 = maximum restriction,0.16
2021,OECD Digital Services Trade Restrictiveness Index,ESP,Spain,Infrastructure and connectivity,Index: 1 = maximum restriction,0.16
2018,OECD Digital Services Trade Restrictiveness Index,ESP,Spain,Infrastructure and connectivity,Index: 1 = maximum restriction,0.16
2017,OECD Digital Services Trade Restrictiveness Index,ESP,Spain,Infrastructure and connectivity,Index: 1 = maximum restriction,0.16
2016,OECD Digital Services Trade Restrictiveness Index,ESP,Spain,Infrastructure and connectivity,Index: 1 = maximum restriction,0.16
2015,OECD Digital Services Trade Restrictiveness Index,ESP,Spain,Infrastructure and connectivity,Index: 1 = maximum restriction,0.16
2014,OECD Digital Services Trade Restrictiveness Index,ESP,Spain,Infrastructure and connectivity,Index: 1 = maximum restriction,0.16
2020,OECD Digital Services Trade Restrictiveness Index,ESP,Spain,Infrastructure and connectivity,Index: 1 = maximum restriction,0.16
2019,OECD Digital Services Trade Restrictiveness Index,ESP,Spain,Infrastructure and connectivity,Index: 1 = maximum restriction,0.16
2024,OECD Digital Services Trade Restrictiveness Index,ESP,Spain,Indicator DSTRI,Index: 1 = maximum restriction,0.18
2023,OECD Digital Services Trade Restrictiveness Index,ESP,Spain,Indicator DSTRI,Index: 1 = maximum restriction,0.18
2022,OECD Digital Services Trade Restrictiveness Index,ESP,Spain,Indicator DSTRI,Index: 1 = maximum restriction,0.18
2021,OECD Digital Services Trade Restrictiveness Index,ESP,Spain,Indicator DSTRI,Index: 1 = maximum restriction,0.18
2018,OECD Digital Services Trade Restrictiveness Index,ESP,Spain,Indicator DSTRI,Index: 1 = maximum restriction,0.18
2017,OECD Digital Services Trade Restrictiveness Index,ESP,Spain,Indicator DSTRI,Index: 1 = maximum restriction,0.16
2016,OECD Digital Services Trade Restrictiveness Index,ESP,Spain,Indicator DSTRI,Index: 1 = maximum restriction,0.16
2015,OECD Digital Services Trade Restrictiveness Index,ESP,Spain,Indicator DSTRI,Index: 1 = maximum restriction,0.16
2014,OECD Digital Services Trade Restrictiveness Index,ESP,Spain,Indicator DSTRI,Index: 1 = maximum restriction,0.16
2020,OECD Digital Services Trade Restrictiveness Index,ESP,Spain,Indicator DSTRI,Index: 1 = maximum restriction,0.18
2019,OECD Digital Services Trade Restrictiveness Index,ESP,Spain,Indicator DSTRI,Index: 1 = maximum restriction,0.18
2024,OECD Digital Services Trade Restrictiveness Index,ESP,Spain,Electronic transactions,Index: 1 = maximum restriction,0
2023,OECD Digital Services Trade Restrictiveness Index,ESP,Spain,Electronic transactions,Index: 1 = maximum restriction,0
2022,OECD Digital Services Trade Restrictiveness Index,ESP,Spain,Electronic transactions,Index: 1 = maximum restriction,0
2021,OECD Digital Services Trade Restrictiveness Index,ESP,Spain,Electronic transactions,Index: 1 = maximum restriction,0
2018,OECD Digital Services Trade Restrictiveness Index,ESP,Spain,Electronic transactions,Index: 1 = maximum restriction,0
2017,OECD Digital Services Trade Restrictiveness Index,ESP,Spain,Electronic transactions,Index: 1 = maximum restriction,0
2016,OECD Digital Services Trade Restrictiveness Index,ESP,Spain,Electronic transactions,Index: 1 = maximum restriction,0
2015,OECD Digital Services Trade Restrictiveness Index,ESP,Spain,Electronic transactions,Index: 1 = maximum restriction,0
2014,OECD Digital Services Trade Restrictiveness Index,ESP,Spain,Electronic transactions,Index: 1 = maximum restriction,0
2020,OECD Digital Services Trade Restrictiveness Index,ESP,Spain,Electronic transactions,Index: 1 = maximum restriction,0
2019,OECD Digital Services Trade Restrictiveness Index,ESP,Spain,Electronic transactions,Index: 1 = maximum restriction,0
2024,OECD Digital Services Trade Restrictiveness Index,ESP,Spain,Other barriers affecting trade in digitally enabled services,Index: 1 = maximum restriction,0.02
2023,OECD Digital Services Trade Restrictiveness Index,ESP,Spain,Other barriers affecting trade in digitally enabled services,Index: 1 = maximum restriction,0.02
2022,OECD Digital Services Trade Restrictiveness Index,ESP,Spain,Other barriers affecting trade in digitally enabled services,Index: 1 = maximum restriction,0.02
2021,OECD Digital Services Trade Restrictiveness Index,ESP,Spain,Other barriers affecting trade in digitally enabled services,Index: 1 = maximum restriction,0.02
2018,OECD Digital Services Trade Restrictiveness Index,ESP,Spain,Other barriers affecting trade in digitally enabled services,Index: 1 = maximum restriction,0.02
2017,OECD Digital Services Trade Restrictiveness Index,ESP,Spain,Other barriers affecting trade in digitally enabled services,Index: 1 = maximum restriction,0
2016,OECD Digital Services Trade Restrictiveness Index,ESP,Spain,Other barriers affecting trade in digitally enabled services,Index: 1 = maximum restriction,0
2015,OECD Digital Services Trade Restrictiveness Index,ESP,Spain,Other barriers affecting trade in digitally enabled services,Index: 1 = maximum restriction,0
2014,OECD Digital Services Trade Restrictiveness Index,ESP,Spain,Other barriers affecting trade in digitally enabled services,Index: 1 = maximum restriction,0
2020,OECD Digital Services Trade Restrictiveness Index,ESP,Spain,Other barriers affecting trade in digitally enabled services,Index: 1 = maximum restriction,0.02
2019,OECD Digital Services Trade Restrictiveness Index,ESP,Spain,Other barriers affecting trade in digitally enabled services,Index: 1 = maximum restriction,0.02
2024,OECD Digital Services Trade Restrictiveness Index,ESP,Spain,Payment system,Index: 1 = maximum restriction,0
2023,OECD Digital Services Trade Restrictiveness Index,ESP,Spain,Payment system,Index: 1 = maximum restriction,0
2022,OECD Digital Services Trade Restrictiveness Index,ESP,Spain,Payment system,Index: 1 = maximum restriction,0
2021,OECD Digital Services Trade Restrictiveness Index,ESP,Spain,Payment system,Index: 1 = maximum restriction,0
2018,OECD Digital Services Trade Restrictiveness Index,ESP,Spain,Payment system,Index: 1 = maximum restriction,0
2017,OECD Digital Services Trade Restrictiveness Index,ESP,Spain,Payment system,Index: 1 = maximum restriction,0
2016,OECD Digital Services Trade Restrictiveness Index,ESP,Spain,Payment system,Index: 1 = maximum restriction,0
2015,OECD Digital Services Trade Restrictiveness Index,ESP,Spain,Payment system,Index: 1 = maximum restriction,0
2014,OECD Digital Services Trade Restrictiveness Index,ESP,Spain,Payment system,Index: 1 = maximum restriction,0
2020,OECD Digital Services Trade Restrictiveness Index,ESP,Spain,Payment system,Index: 1 = maximum restriction,0
2019,OECD Digital Services Trade Restrictiveness Index,ESP,Spain,Payment system,Index: 1 = maximum restriction,0
2024,OECD Digital Services Trade Restrictiveness Index,ESP,Spain,Intellectual property rights,Index: 1 = maximum restriction,0
2023,OECD Digital Services Trade Restrictiveness Index,ESP,Spain,Intellectual property rights,Index: 1 = maximum restriction,0
2022,OECD Digital Services Trade Restrictiveness Index,ESP,Spain,Intellectual property rights,Index: 1 = maximum restriction,0
2021,OECD Digital Services Trade Restrictiveness Index,ESP,Spain,Intellectual property rights,Index: 1 = maximum restriction,0
2018,OECD Digital Services Trade Restrictiveness Index,ESP,Spain,Intellectual property rights,Index: 1 = maximum restriction,0
2017,OECD Digital Services Trade Restrictiveness Index,ESP,Spain,Intellectual property rights,Index: 1 = maximum restriction,0
2016,OECD Digital Services Trade Restrictiveness Index,ESP,Spain,Intellectual property rights,Index: 1 = maximum restriction,0
2015,OECD Digital Services Trade Restrictiveness Index,ESP,Spain,Intellectual property rights,Index: 1 = maximum restriction,0
2014,OECD Digital Services Trade Restrictiveness Index,ESP,Spain,Intellectual property rights,Index: 1 = maximum restriction,0
2020,OECD Digital Services Trade Restrictiveness Index,ESP,Spain,Intellectual property rights,Index: 1 = maximum restriction,0
2019,OECD Digital Services Trade Restrictiveness Index,ESP,Spain,Intellectual property rights,Index: 1 = maximum restriction,0
2024,OECD Digital Services Trade Restrictiveness Index,SWE,Sweden,Infrastructure and connectivity,Index: 1 = maximum restriction,0.04
2023,OECD Digital Services Trade Restrictiveness Index,SWE,Sweden,Infrastructure and connectivity,Index: 1 = maximum restriction,0.04
2022,OECD Digital Services Trade Restrictiveness Index,SWE,Sweden,Infrastructure and connectivity,Index: 1 = maximum restriction,0.04
2021,OECD Digital Services Trade Restrictiveness Index,SWE,Sweden,Infrastructure and connectivity,Index: 1 = maximum restriction,0.04
2018,OECD Digital Services Trade Restrictiveness Index,SWE,Sweden,Infrastructure and connectivity,Index: 1 = maximum restriction,0.04
2017,OECD Digital Services Trade Restrictiveness Index,SWE,Sweden,Infrastructure and connectivity,Index: 1 = maximum restriction,0.04
2016,OECD Digital Services Trade Restrictiveness Index,SWE,Sweden,Infrastructure and connectivity,Index: 1 = maximum restriction,0.04
2015,OECD Digital Services Trade Restrictiveness Index,SWE,Sweden,Infrastructure and connectivity,Index: 1 = maximum restriction,0.04
2014,OECD Digital Services Trade Restrictiveness Index,SWE,Sweden,Infrastructure and connectivity,Index: 1 = maximum restriction,0.04
2020,OECD Digital Services Trade Restrictiveness Index,SWE,Sweden,Infrastructure and connectivity,Index: 1 = maximum restriction,0.04
2019,OECD Digital Services Trade Restrictiveness Index,SWE,Sweden,Infrastructure and connectivity,Index: 1 = maximum restriction,0.04
2024,OECD Digital Services Trade Restrictiveness Index,SWE,Sweden,Indicator DSTRI,Index: 1 = maximum restriction,0.1
2023,OECD Digital Services Trade Restrictiveness Index,SWE,Sweden,Indicator DSTRI,Index: 1 = maximum restriction,0.1
2022,OECD Digital Services Trade Restrictiveness Index,SWE,Sweden,Indicator DSTRI,Index: 1 = maximum restriction,0.1
2021,OECD Digital Services Trade Restrictiveness Index,SWE,Sweden,Indicator DSTRI,Index: 1 = maximum restriction,0.1
2018,OECD Digital Services Trade Restrictiveness Index,SWE,Sweden,Indicator DSTRI,Index: 1 = maximum restriction,0.1
2017,OECD Digital Services Trade Restrictiveness Index,SWE,Sweden,Indicator DSTRI,Index: 1 = maximum restriction,0.08
2016,OECD Digital Services Trade Restrictiveness Index,SWE,Sweden,Indicator DSTRI,Index: 1 = maximum restriction,0.08
2015,OECD Digital Services Trade Restrictiveness Index,SWE,Sweden,Indicator DSTRI,Index: 1 = maximum restriction,0.08
2014,OECD Digital Services Trade Restrictiveness Index,SWE,Sweden,Indicator DSTRI,Index: 1 = maximum restriction,0.08
2020,OECD Digital Services Trade Restrictiveness Index,SWE,Sweden,Indicator DSTRI,Index: 1 = maximum restriction,0.1
2019,OECD Digital Services Trade Restrictiveness Index,SWE,Sweden,Indicator DSTRI,Index: 1 = maximum restriction,0.1
2024,OECD Digital Services Trade Restrictiveness Index,SWE,Sweden,Electronic transactions,Index: 1 = maximum restriction,0.04
2023,OECD Digital Services Trade Restrictiveness Index,SWE,Sweden,Electronic transactions,Index: 1 = maximum restriction,0.04
2022,OECD Digital Services Trade Restrictiveness Index,SWE,Sweden,Electronic transactions,Index: 1 = maximum restriction,0.04
2021,OECD Digital Services Trade Restrictiveness Index,SWE,Sweden,Electronic transactions,Index: 1 = maximum restriction,0.04
2018,OECD Digital Services Trade Restrictiveness Index,SWE,Sweden,Electronic transactions,Index: 1 = maximum restriction,0.04
2017,OECD Digital Services Trade Restrictiveness Index,SWE,Sweden,Electronic transactions,Index: 1 = maximum restriction,0.04
2016,OECD Digital Services Trade Restrictiveness Index,SWE,Sweden,Electronic transactions,Index: 1 = maximum restriction,0.04
2015,OECD Digital Services Trade Restrictiveness Index,SWE,Sweden,Electronic transactions,Index: 1 = maximum restriction,0.04
2014,OECD Digital Services Trade Restrictiveness Index,SWE,Sweden,Electronic transactions,Index: 1 = maximum restriction,0.04
2020,OECD Digital Services Trade Restrictiveness Index,SWE,Sweden,Electronic transactions,Index: 1 = maximum restriction,0.04
2019,OECD Digital Services Trade Restrictiveness Index,SWE,Sweden,Electronic transactions,Index: 1 = maximum restriction,0.04
2024,OECD Digital Services Trade Restrictiveness Index,SWE,Sweden,Other barriers affecting trade in digitally enabled services,Index: 1 = maximum restriction,0.02
2023,OECD Digital Services Trade Restrictiveness Index,SWE,Sweden,Other barriers affecting trade in digitally enabled services,Index: 1 = maximum restriction,0.02
2022,OECD Digital Services Trade Restrictiveness Index,SWE,Sweden,Other barriers affecting trade in digitally enabled services,Index: 1 = maximum restriction,0.02
2021,OECD Digital Services Trade Restrictiveness Index,SWE,Sweden,Other barriers affecting trade in digitally enabled services,Index: 1 = maximum restriction,0.02
2018,OECD Digital Services Trade Restrictiveness Index,SWE,Sweden,Other barriers affecting trade in digitally enabled services,Index: 1 = maximum restriction,0.02
2017,OECD Digital Services Trade Restrictiveness Index,SWE,Sweden,Other barriers affecting trade in digitally enabled services,Index: 1 = maximum restriction,0
2016,OECD Digital Services Trade Restrictiveness Index,SWE,Sweden,Other barriers affecting trade in digitally enabled services,Index: 1 = maximum restriction,0
2015,OECD Digital Services Trade Restrictiveness Index,SWE,Sweden,Other barriers affecting trade in digitally enabled services,Index: 1 = maximum restriction,0
2014,OECD Digital Services Trade Restrictiveness Index,SWE,Sweden,Other barriers affecting trade in digitally enabled services,Index: 1 = maximum restriction,0
2020,OECD Digital Services Trade Restrictiveness Index,SWE,Sweden,Other barriers affecting trade in digitally enabled services,Index: 1 = maximum restriction,0.02
2019,OECD Digital Services Trade Restrictiveness Index,SWE,Sweden,Other barriers affecting trade in digitally enabled services,Index: 1 = maximum restriction,0.02
2024,OECD Digital Services Trade Restrictiveness Index,SWE,Sweden,Payment system,Index: 1 = maximum restriction,0
2023,OECD Digital Services Trade Restrictiveness Index,SWE,Sweden,Payment system,Index: 1 = maximum restriction,0
2022,OECD Digital Services Trade Restrictiveness Index,SWE,Sweden,Payment system,Index: 1 = maximum restriction,0
2021,OECD Digital Services Trade Restrictiveness Index,SWE,Sweden,Payment system,Index: 1 = maximum restriction,0
2018,OECD Digital Services Trade Restrictiveness Index,SWE,Sweden,Payment system,Index: 1 = maximum restriction,0
2017,OECD Digital Services Trade Restrictiveness Index,SWE,Sweden,Payment system,Index: 1 = maximum restriction,0
2016,OECD Digital Services Trade Restrictiveness Index,SWE,Sweden,Payment system,Index: 1 = maximum restriction,0
2015,OECD Digital Services Trade Restrictiveness Index,SWE,Sweden,Payment system,Index: 1 = maximum restriction,0
2014,OECD Digital Services Trade Restrictiveness Index,SWE,Sweden,Payment system,Index: 1 = maximum restriction,0
2020,OECD Digital Services Trade Restrictiveness Index,SWE,Sweden,Payment system,Index: 1 = maximum restriction,0
2019,OECD Digital Services Trade Restrictiveness Index,SWE,Sweden,Payment system,Index: 1 = maximum restriction,0
2024,OECD Digital Services Trade Restrictiveness Index,SWE,Sweden,Intellectual property rights,Index: 1 = maximum restriction,0
2023,OECD Digital Services Trade Restrictiveness Index,SWE,Sweden,Intellectual property rights,Index: 1 = maximum restriction,0
2022,OECD Digital Services Trade Restrictiveness Index,SWE,Sweden,Intellectual property rights,Index: 1 = maximum restriction,0
2021,OECD Digital Services Trade Restrictiveness Index,SWE,Sweden,Intellectual property rights,Index: 1 = maximum restriction,0
2018,OECD Digital Services Trade Restrictiveness Index,SWE,Sweden,Intellectual property rights,Index: 1 = maximum restriction,0
2017,OECD Digital Services Trade Restrictiveness Index,SWE,Sweden,Intellectual property rights,Index: 1 = maximum restriction,0
2016,OECD Digital Services Trade Restrictiveness Index,SWE,Sweden,Intellectual property rights,Index: 1 = maximum restriction,0
2015,OECD Digital Services Trade Restrictiveness Index,SWE,Sweden,Intellectual property rights,Index: 1 = maximum restriction,0
2014,OECD Digital Services Trade Restrictiveness Index,SWE,Sweden,Intellectual property rights,Index: 1 = maximum restriction,0
2020,OECD Digital Services Trade Restrictiveness Index,SWE,Sweden,Intellectual property rights,Index: 1 = maximum restriction,0
2019,OECD Digital Services Trade Restrictiveness Index,SWE,Sweden,Intellectual property rights,Index: 1 = maximum restriction,0
2024,OECD Digital Services Trade Restrictiveness Index,CHE,Switzerland,Infrastructure and connectivity,Index: 1 = maximum restriction,0
2023,OECD Digital Services Trade Restrictiveness Index,CHE,Switzerland,Infrastructure and connectivity,Index: 1 = maximum restriction,0
2022,OECD Digital Services Trade Restrictiveness Index,CHE,Switzerland,Infrastructure and connectivity,Index: 1 = maximum restriction,0
2021,OECD Digital Services Trade Restrictiveness Index,CHE,Switzerland,Infrastructure and connectivity,Index: 1 = maximum restriction,0
2018,OECD Digital Services Trade Restrictiveness Index,CHE,Switzerland,Infrastructure and connectivity,Index: 1 = maximum restriction,0
2017,OECD Digital Services Trade Restrictiveness Index,CHE,Switzerland,Infrastructure and connectivity,Index: 1 = maximum restriction,0
2016,OECD Digital Services Trade Restrictiveness Index,CHE,Switzerland,Infrastructure and connectivity,Index: 1 = maximum restriction,0
2015,OECD Digital Services Trade Restrictiveness Index,CHE,Switzerland,Infrastructure and connectivity,Index: 1 = maximum restriction,0
2014,OECD Digital Services Trade Restrictiveness Index,CHE,Switzerland,Infrastructure and connectivity,Index: 1 = maximum restriction,0
2020,OECD Digital Services Trade Restrictiveness Index,CHE,Switzerland,Infrastructure and connectivity,Index: 1 = maximum restriction,0
2019,OECD Digital Services Trade Restrictiveness Index,CHE,Switzerland,Infrastructure and connectivity,Index: 1 = maximum restriction,0
2024,OECD Digital Services Trade Restrictiveness Index,CHE,Switzerland,Indicator DSTRI,Index: 1 = maximum restriction,0.02
2023,OECD Digital Services Trade Restrictiveness Index,CHE,Switzerland,Indicator DSTRI,Index: 1 = maximum restriction,0.02
2022,OECD Digital Services Trade Restrictiveness Index,CHE,Switzerland,Indicator DSTRI,Index: 1 = maximum restriction,0.02
2021,OECD Digital Services Trade Restrictiveness Index,CHE,Switzerland,Indicator DSTRI,Index: 1 = maximum restriction,0.02
2018,OECD Digital Services Trade Restrictiveness Index,CHE,Switzerland,Indicator DSTRI,Index: 1 = maximum restriction,0.02
2017,OECD Digital Services Trade Restrictiveness Index,CHE,Switzerland,Indicator DSTRI,Index: 1 = maximum restriction,0.02
2016,OECD Digital Services Trade Restrictiveness Index,CHE,Switzerland,Indicator DSTRI,Index: 1 = maximum restriction,0.02
2015,OECD Digital Services Trade Restrictiveness Index,CHE,Switzerland,Indicator DSTRI,Index: 1 = maximum restriction,0.02
2014,OECD Digital Services Trade Restrictiveness Index,CHE,Switzerland,Indicator DSTRI,Index: 1 = maximum restriction,0.02
2020,OECD Digital Services Trade Restrictiveness Index,CHE,Switzerland,Indicator DSTRI,Index: 1 = maximum restriction,0.02
2019,OECD Digital Services Trade Restrictiveness Index,CHE,Switzerland,Indicator DSTRI,Index: 1 = maximum restriction,0.02
2024,OECD Digital Services Trade Restrictiveness Index,CHE,Switzerland,Electronic transactions,Index: 1 = maximum restriction,0.02
2023,OECD Digital Services Trade Restrictiveness Index,CHE,Switzerland,Electronic transactions,Index: 1 = maximum restriction,0.02
2022,OECD Digital Services Trade Restrictiveness Index,CHE,Switzerland,Electronic transactions,Index: 1 = maximum restriction,0.02
2021,OECD Digital Services Trade Restrictiveness Index,CHE,Switzerland,Electronic transactions,Index: 1 = maximum restriction,0.02
2018,OECD Digital Services Trade Restrictiveness Index,CHE,Switzerland,Electronic transactions,Index: 1 = maximum restriction,0.02
2017,OECD Digital Services Trade Restrictiveness Index,CHE,Switzerland,Electronic transactions,Index: 1 = maximum restriction,0.02
2016,OECD Digital Services Trade Restrictiveness Index,CHE,Switzerland,Electronic transactions,Index: 1 = maximum restriction,0.02
2015,OECD Digital Services Trade Restrictiveness Index,CHE,Switzerland,Electronic transactions,Index: 1 = maximum restriction,0.02
2014,OECD Digital Services Trade Restrictiveness Index,CHE,Switzerland,Electronic transactions,Index: 1 = maximum restriction,0.02
2020,OECD Digital Services Trade Restrictiveness Index,CHE,Switzerland,Electronic transactions,Index: 1 = maximum restriction,0.02
2019,OECD Digital Services Trade Restrictiveness Index,CHE,Switzerland,Electronic transactions,Index: 1 = maximum restriction,0.02
2024,OECD Digital Services Trade Restrictiveness Index,CHE,Switzerland,Other barriers affecting trade in digitally enabled services,Index: 1 = maximum restriction,0
2023,OECD Digital Services Trade Restrictiveness Index,CHE,Switzerland,Other barriers affecting trade in digitally enabled services,Index: 1 = maximum restriction,0
2022,OECD Digital Services Trade Restrictiveness Index,CHE,Switzerland,Other barriers affecting trade in digitally enabled services,Index: 1 = maximum restriction,0
2021,OECD Digital Services Trade Restrictiveness Index,CHE,Switzerland,Other barriers affecting trade in digitally enabled services,Index: 1 = maximum restriction,0
2018,OECD Digital Services Trade Restrictiveness Index,CHE,Switzerland,Other barriers affecting trade in digitally enabled services,Index: 1 = maximum restriction,0
2017,OECD Digital Services Trade Restrictiveness Index,CHE,Switzerland,Other barriers affecting trade in digitally enabled services,Index: 1 = maximum restriction,0
2016,OECD Digital Services Trade Restrictiveness Index,CHE,Switzerland,Other barriers affecting trade in digitally enabled services,Index: 1 = maximum restriction,0
2015,OECD Digital Services Trade Restrictiveness Index,CHE,Switzerland,Other barriers affecting trade in digitally enabled services,Index: 1 = maximum restriction,0
2014,OECD Digital Services Trade Restrictiveness Index,CHE,Switzerland,Other barriers affecting trade in digitally enabled services,Index: 1 = maximum restriction,0
2020,OECD Digital Services Trade Restrictiveness Index,CHE,Switzerland,Other barriers affecting trade in digitally enabled services,Index: 1 = maximum restriction,0
2019,OECD Digital Services Trade Restrictiveness Index,CHE,Switzerland,Other barriers affecting trade in digitally enabled services,Index: 1 = maximum restriction,0
2024,OECD Digital Services Trade Restrictiveness Index,CHE,Switzerland,Payment system,Index: 1 = maximum restriction,0
2023,OECD Digital Services Trade Restrictiveness Index,CHE,Switzerland,Payment system,Index: 1 = maximum restriction,0
2022,OECD Digital Services Trade Restrictiveness Index,CHE,Switzerland,Payment system,Index: 1 = maximum restriction,0
2021,OECD Digital Services Trade Restrictiveness Index,CHE,Switzerland,Payment system,Index: 1 = maximum restriction,0
2018,OECD Digital Services Trade Restrictiveness Index,CHE,Switzerland,Payment system,Index: 1 = maximum restriction,0
2017,OECD Digital Services Trade Restrictiveness Index,CHE,Switzerland,Payment system,Index: 1 = maximum restriction,0
2016,OECD Digital Services Trade Restrictiveness Index,CHE,Switzerland,Payment system,Index: 1 = maximum restriction,0
2015,OECD Digital Services Trade Restrictiveness Index,CHE,Switzerland,Payment system,Index: 1 = maximum restriction,0
2014,OECD Digital Services Trade Restrictiveness Index,CHE,Switzerland,Payment system,Index: 1 = maximum restriction,0
2020,OECD Digital Services Trade Restrictiveness Index,CHE,Switzerland,Payment system,Index: 1 = maximum restriction,0
2019,OECD Digital Services Trade Restrictiveness Index,CHE,Switzerland,Payment system,Index: 1 = maximum restriction,0
2024,OECD Digital Services Trade Restrictiveness Index,CHE,Switzerland,Intellectual property rights,Index: 1 = maximum restriction,0
2023,OECD Digital Services Trade Restrictiveness Index,CHE,Switzerland,Intellectual property rights,Index: 1 = maximum restriction,0
2022,OECD Digital Services Trade Restrictiveness Index,CHE,Switzerland,Intellectual property rights,Index: 1 = maximum restriction,0
2021,OECD Digital Services Trade Restrictiveness Index,CHE,Switzerland,Intellectual property rights,Index: 1 = maximum restriction,0
2018,OECD Digital Services Trade Restrictiveness Index,CHE,Switzerland,Intellectual property rights,Index: 1 = maximum restriction,0
2017,OECD Digital Services Trade Restrictiveness Index,CHE,Switzerland,Intellectual property rights,Index: 1 = maximum restriction,0
2016,OECD Digital Services Trade Restrictiveness Index,CHE,Switzerland,Intellectual property rights,Index: 1 = maximum restriction,0
2015,OECD Digital Services Trade Restrictiveness Index,CHE,Switzerland,Intellectual property rights,Index: 1 = maximum restriction,0
2014,OECD Digital Services Trade Restrictiveness Index,CHE,Switzerland,Intellectual property rights,Index: 1 = maximum restriction,0
2020,OECD Digital Services Trade Restrictiveness Index,CHE,Switzerland,Intellectual property rights,Index: 1 = maximum restriction,0
2019,OECD Digital Services Trade Restrictiveness Index,CHE,Switzerland,Intellectual property rights,Index: 1 = maximum restriction,0
2024,OECD Digital Services Trade Restrictiveness Index,TUR,Türkiye,Infrastructure and connectivity,Index: 1 = maximum restriction,0.08
2023,OECD Digital Services Trade Restrictiveness Index,TUR,Türkiye,Infrastructure and connectivity,Index: 1 = maximum restriction,0.08
2022,OECD Digital Services Trade Restrictiveness Index,TUR,Türkiye,Infrastructure and connectivity,Index: 1 = maximum restriction,0.08
2021,OECD Digital Services Trade Restrictiveness Index,TUR,Türkiye,Infrastructure and connectivity,Index: 1 = maximum restriction,0.08
2018,OECD Digital Services Trade Restrictiveness Index,TUR,Türkiye,Infrastructure and connectivity,Index: 1 = maximum restriction,0.04
2017,OECD Digital Services Trade Restrictiveness Index,TUR,Türkiye,Infrastructure and connectivity,Index: 1 = maximum restriction,0.04
2016,OECD Digital Services Trade Restrictiveness Index,TUR,Türkiye,Infrastructure and connectivity,Index: 1 = maximum restriction,0.04
2015,OECD Digital Services Trade Restrictiveness Index,TUR,Türkiye,Infrastructure and connectivity,Index: 1 = maximum restriction,0.04
2014,OECD Digital Services Trade Restrictiveness Index,TUR,Türkiye,Infrastructure and connectivity,Index: 1 = maximum restriction,0
2020,OECD Digital Services Trade Restrictiveness Index,TUR,Türkiye,Infrastructure and connectivity,Index: 1 = maximum restriction,0.08
2019,OECD Digital Services Trade Restrictiveness Index,TUR,Türkiye,Infrastructure and connectivity,Index: 1 = maximum restriction,0.08
2024,OECD Digital Services Trade Restrictiveness Index,TUR,Türkiye,Indicator DSTRI,Index: 1 = maximum restriction,0.25
2023,OECD Digital Services Trade Restrictiveness Index,TUR,Türkiye,Indicator DSTRI,Index: 1 = maximum restriction,0.25
2022,OECD Digital Services Trade Restrictiveness Index,TUR,Türkiye,Indicator DSTRI,Index: 1 = maximum restriction,0.22
2021,OECD Digital Services Trade Restrictiveness Index,TUR,Türkiye,Indicator DSTRI,Index: 1 = maximum restriction,0.22
2018,OECD Digital Services Trade Restrictiveness Index,TUR,Türkiye,Indicator DSTRI,Index: 1 = maximum restriction,0.14
2017,OECD Digital Services Trade Restrictiveness Index,TUR,Türkiye,Indicator DSTRI,Index: 1 = maximum restriction,0.14
2016,OECD Digital Services Trade Restrictiveness Index,TUR,Türkiye,Indicator DSTRI,Index: 1 = maximum restriction,0.14
2015,OECD Digital Services Trade Restrictiveness Index,TUR,Türkiye,Indicator DSTRI,Index: 1 = maximum restriction,0.14
2014,OECD Digital Services Trade Restrictiveness Index,TUR,Türkiye,Indicator DSTRI,Index: 1 = maximum restriction,0.06
2020,OECD Digital Services Trade Restrictiveness Index,TUR,Türkiye,Indicator DSTRI,Index: 1 = maximum restriction,0.22
2019,OECD Digital Services Trade Restrictiveness Index,TUR,Türkiye,Indicator DSTRI,Index: 1 = maximum restriction,0.2
2024,OECD Digital Services Trade Restrictiveness Index,TUR,Türkiye,Electronic transactions,Index: 1 = maximum restriction,0.04
2023,OECD Digital Services Trade Restrictiveness Index,TUR,Türkiye,Electronic transactions,Index: 1 = maximum restriction,0.04
2022,OECD Digital Services Trade Restrictiveness Index,TUR,Türkiye,Electronic transactions,Index: 1 = maximum restriction,0.04
2021,OECD Digital Services Trade Restrictiveness Index,TUR,Türkiye,Electronic transactions,Index: 1 = maximum restriction,0.04
2018,OECD Digital Services Trade Restrictiveness Index,TUR,Türkiye,Electronic transactions,Index: 1 = maximum restriction,0.04
2017,OECD Digital Services Trade Restrictiveness Index,TUR,Türkiye,Electronic transactions,Index: 1 = maximum restriction,0.04
2016,OECD Digital Services Trade Restrictiveness Index,TUR,Türkiye,Electronic transactions,Index: 1 = maximum restriction,0.04
2015,OECD Digital Services Trade Restrictiveness Index,TUR,Türkiye,Electronic transactions,Index: 1 = maximum restriction,0.04
2014,OECD Digital Services Trade Restrictiveness Index,TUR,Türkiye,Electronic transactions,Index: 1 = maximum restriction,0.04
2020,OECD Digital Services Trade Restrictiveness Index,TUR,Türkiye,Electronic transactions,Index: 1 = maximum restriction,0.04
2019,OECD Digital Services Trade Restrictiveness Index,TUR,Türkiye,Electronic transactions,Index: 1 = maximum restriction,0.04
2024,OECD Digital Services Trade Restrictiveness Index,TUR,Türkiye,Other barriers affecting trade in digitally enabled services,Index: 1 = maximum restriction,0.09
2023,OECD Digital Services Trade Restrictiveness Index,TUR,Türkiye,Other barriers affecting trade in digitally enabled services,Index: 1 = maximum restriction,0.09
2022,OECD Digital Services Trade Restrictiveness Index,TUR,Türkiye,Other barriers affecting trade in digitally enabled services,Index: 1 = maximum restriction,0.07
2021,OECD Digital Services Trade Restrictiveness Index,TUR,Türkiye,Other barriers affecting trade in digitally enabled services,Index: 1 = maximum restriction,0.07
2018,OECD Digital Services Trade Restrictiveness Index,TUR,Türkiye,Other barriers affecting trade in digitally enabled services,Index: 1 = maximum restriction,0.02
2017,OECD Digital Services Trade Restrictiveness Index,TUR,Türkiye,Other barriers affecting trade in digitally enabled services,Index: 1 = maximum restriction,0.02
2016,OECD Digital Services Trade Restrictiveness Index,TUR,Türkiye,Other barriers affecting trade in digitally enabled services,Index: 1 = maximum restriction,0.02
2015,OECD Digital Services Trade Restrictiveness Index,TUR,Türkiye,Other barriers affecting trade in digitally enabled services,Index: 1 = maximum restriction,0.02
2014,OECD Digital Services Trade Restrictiveness Index,TUR,Türkiye,Other barriers affecting trade in digitally enabled services,Index: 1 = maximum restriction,0
2020,OECD Digital Services Trade Restrictiveness Index,TUR,Türkiye,Other barriers affecting trade in digitally enabled services,Index: 1 = maximum restriction,0.07
2019,OECD Digital Services Trade Restrictiveness Index,TUR,Türkiye,Other barriers affecting trade in digitally enabled services,Index: 1 = maximum restriction,0.04
2024,OECD Digital Services Trade Restrictiveness Index,TUR,Türkiye,Payment system,Index: 1 = maximum restriction,0.04
2023,OECD Digital Services Trade Restrictiveness Index,TUR,Türkiye,Payment system,Index: 1 = maximum restriction,0.04
2022,OECD Digital Services Trade Restrictiveness Index,TUR,Türkiye,Payment system,Index: 1 = maximum restriction,0.04
2021,OECD Digital Services Trade Restrictiveness Index,TUR,Türkiye,Payment system,Index: 1 = maximum restriction,0.04
2018,OECD Digital Services Trade Restrictiveness Index,TUR,Türkiye,Payment system,Index: 1 = maximum restriction,0.04
2017,OECD Digital Services Trade Restrictiveness Index,TUR,Türkiye,Payment system,Index: 1 = maximum restriction,0.04
2016,OECD Digital Services Trade Restrictiveness Index,TUR,Türkiye,Payment system,Index: 1 = maximum restriction,0.04
2015,OECD Digital Services Trade Restrictiveness Index,TUR,Türkiye,Payment system,Index: 1 = maximum restriction,0.04
2014,OECD Digital Services Trade Restrictiveness Index,TUR,Türkiye,Payment system,Index: 1 = maximum restriction,0.02
2020,OECD Digital Services Trade Restrictiveness Index,TUR,Türkiye,Payment system,Index: 1 = maximum restriction,0.04
2019,OECD Digital Services Trade Restrictiveness Index,TUR,Türkiye,Payment system,Index: 1 = maximum restriction,0.04
2024,OECD Digital Services Trade Restrictiveness Index,TUR,Türkiye,Intellectual property rights,Index: 1 = maximum restriction,0
2023,OECD Digital Services Trade Restrictiveness Index,TUR,Türkiye,Intellectual property rights,Index: 1 = maximum restriction,0
2022,OECD Digital Services Trade Restrictiveness Index,TUR,Türkiye,Intellectual property rights,Index: 1 = maximum restriction,0
2021,OECD Digital Services Trade Restrictiveness Index,TUR,Türkiye,Intellectual property rights,Index: 1 = maximum restriction,0
2018,OECD Digital Services Trade Restrictiveness Index,TUR,Türkiye,Intellectual property rights,Index: 1 = maximum restriction,0
2017,OECD Digital Services Trade Restrictiveness Index,TUR,Türkiye,Intellectual property rights,Index: 1 = maximum restriction,0
2016,OECD Digital Services Trade Restrictiveness Index,TUR,Türkiye,Intellectual property rights,Index: 1 = maximum restriction,0
2015,OECD Digital Services Trade Restrictiveness Index,TUR,Türkiye,Intellectual property rights,Index: 1 = maximum restriction,0
2014,OECD Digital Services Trade Restrictiveness Index,TUR,Türkiye,Intellectual property rights,Index: 1 = maximum restriction,0
2020,OECD Digital Services Trade Restrictiveness Index,TUR,Türkiye,Intellectual property rights,Index: 1 = maximum restriction,0
2019,OECD Digital Services Trade Restrictiveness Index,TUR,Türkiye,Intellectual property rights,Index: 1 = maximum restriction,0
2024,OECD Digital Services Trade Restrictiveness Index,GBR,United Kingdom,Infrastructure and connectivity,Index: 1 = maximum restriction,0
2023,OECD Digital Services Trade Restrictiveness Index,GBR,United Kingdom,Infrastructure and connectivity,Index: 1 = maximum restriction,0
2022,OECD Digital Services Trade Restrictiveness Index,GBR,United Kingdom,Infrastructure and connectivity,Index: 1 = maximum restriction,0
2021,OECD Digital Services Trade Restrictiveness Index,GBR,United Kingdom,Infrastructure and connectivity,Index: 1 = maximum restriction,0
2018,OECD Digital Services Trade Restrictiveness Index,GBR,United Kingdom,Infrastructure and connectivity,Index: 1 = maximum restriction,0
2017,OECD Digital Services Trade Restrictiveness Index,GBR,United Kingdom,Infrastructure and connectivity,Index: 1 = maximum restriction,0
2016,OECD Digital Services Trade Restrictiveness Index,GBR,United Kingdom,Infrastructure and connectivity,Index: 1 = maximum restriction,0
2015,OECD Digital Services Trade Restrictiveness Index,GBR,United Kingdom,Infrastructure and connectivity,Index: 1 = maximum restriction,0
2014,OECD Digital Services Trade Restrictiveness Index,GBR,United Kingdom,Infrastructure and connectivity,Index: 1 = maximum restriction,0
2020,OECD Digital Services Trade Restrictiveness Index,GBR,United Kingdom,Infrastructure and connectivity,Index: 1 = maximum restriction,0
2019,OECD Digital Services Trade Restrictiveness Index,GBR,United Kingdom,Infrastructure and connectivity,Index: 1 = maximum restriction,0
2024,OECD Digital Services Trade Restrictiveness Index,GBR,United Kingdom,Indicator DSTRI,Index: 1 = maximum restriction,0.02
2023,OECD Digital Services Trade Restrictiveness Index,GBR,United Kingdom,Indicator DSTRI,Index: 1 = maximum restriction,0.02
2022,OECD Digital Services Trade Restrictiveness Index,GBR,United Kingdom,Indicator DSTRI,Index: 1 = maximum restriction,0.02
2021,OECD Digital Services Trade Restrictiveness Index,GBR,United Kingdom,Indicator DSTRI,Index: 1 = maximum restriction,0.02
2018,OECD Digital Services Trade Restrictiveness Index,GBR,United Kingdom,Indicator DSTRI,Index: 1 = maximum restriction,0.02
2017,OECD Digital Services Trade Restrictiveness Index,GBR,United Kingdom,Indicator DSTRI,Index: 1 = maximum restriction,0.02
2016,OECD Digital Services Trade Restrictiveness Index,GBR,United Kingdom,Indicator DSTRI,Index: 1 = maximum restriction,0.02
2015,OECD Digital Services Trade Restrictiveness Index,GBR,United Kingdom,Indicator DSTRI,Index: 1 = maximum restriction,0.02
2014,OECD Digital Services Trade Restrictiveness Index,GBR,United Kingdom,Indicator DSTRI,Index: 1 = maximum restriction,0.02
2020,OECD Digital Services Trade Restrictiveness Index,GBR,United Kingdom,Indicator DSTRI,Index: 1 = maximum restriction,0.02
2019,OECD Digital Services Trade Restrictiveness Index,GBR,United Kingdom,Indicator DSTRI,Index: 1 = maximum restriction,0.02
2024,OECD Digital Services Trade Restrictiveness Index,GBR,United Kingdom,Electronic transactions,Index: 1 = maximum restriction,0.02
2023,OECD Digital Services Trade Restrictiveness Index,GBR,United Kingdom,Electronic transactions,Index: 1 = maximum restriction,0.02
2022,OECD Digital Services Trade Restrictiveness Index,GBR,United Kingdom,Electronic transactions,Index: 1 = maximum restriction,0.02
2021,OECD Digital Services Trade Restrictiveness Index,GBR,United Kingdom,Electronic transactions,Index: 1 = maximum restriction,0.02
2018,OECD Digital Services Trade Restrictiveness Index,GBR,United Kingdom,Electronic transactions,Index: 1 = maximum restriction,0.02
2017,OECD Digital Services Trade Restrictiveness Index,GBR,United Kingdom,Electronic transactions,Index: 1 = maximum restriction,0.02
2016,OECD Digital Services Trade Restrictiveness Index,GBR,United Kingdom,Electronic transactions,Index: 1 = maximum restriction,0.02
2015,OECD Digital Services Trade Restrictiveness Index,GBR,United Kingdom,Electronic transactions,Index: 1 = maximum restriction,0.02
2014,OECD Digital Services Trade Restrictiveness Index,GBR,United Kingdom,Electronic transactions,Index: 1 = maximum restriction,0.02
2020,OECD Digital Services Trade Restrictiveness Index,GBR,United Kingdom,Electronic transactions,Index: 1 = maximum restriction,0.02
2019,OECD Digital Services Trade Restrictiveness Index,GBR,United Kingdom,Electronic transactions,Index: 1 = maximum restriction,0.02
2024,OECD Digital Services Trade Restrictiveness Index,GBR,United Kingdom,Other barriers affecting trade in digitally enabled services,Index: 1 = maximum restriction,0
2023,OECD Digital Services Trade Restrictiveness Index,GBR,United Kingdom,Other barriers affecting trade in digitally enabled services,Index: 1 = maximum restriction,0
2022,OECD Digital Services Trade Restrictiveness Index,GBR,United Kingdom,Other barriers affecting trade in digitally enabled services,Index: 1 = maximum restriction,0
2021,OECD Digital Services Trade Restrictiveness Index,GBR,United Kingdom,Other barriers affecting trade in digitally enabled services,Index: 1 = maximum restriction,0
2018,OECD Digital Services Trade Restrictiveness Index,GBR,United Kingdom,Other barriers affecting trade in digitally enabled services,Index: 1 = maximum restriction,0
2017,OECD Digital Services Trade Restrictiveness Index,GBR,United Kingdom,Other barriers affecting trade in digitally enabled services,Index: 1 = maximum restriction,0
2016,OECD Digital Services Trade Restrictiveness Index,GBR,United Kingdom,Other barriers affecting trade in digitally enabled services,Index: 1 = maximum restriction,0
2015,OECD Digital Services Trade Restrictiveness Index,GBR,United Kingdom,Other barriers affecting trade in digitally enabled services,Index: 1 = maximum restriction,0
2014,OECD Digital Services Trade Restrictiveness Index,GBR,United Kingdom,Other barriers affecting trade in digitally enabled services,Index: 1 = maximum restriction,0
2020,OECD Digital Services Trade Restrictiveness Index,GBR,United Kingdom,Other barriers affecting trade in digitally enabled services,Index: 1 = maximum restriction,0
2019,OECD Digital Services Trade Restrictiveness Index,GBR,United Kingdom,Other barriers affecting trade in digitally enabled services,Index: 1 = maximum restriction,0
2024,OECD Digital Services Trade Restrictiveness Index,GBR,United Kingdom,Payment system,Index: 1 = maximum restriction,0
2023,OECD Digital Services Trade Restrictiveness Index,GBR,United Kingdom,Payment system,Index: 1 = maximum restriction,0
2022,OECD Digital Services Trade Restrictiveness Index,GBR,United Kingdom,Payment system,Index: 1 = maximum restriction,0
2021,OECD Digital Services Trade Restrictiveness Index,GBR,United Kingdom,Payment system,Index: 1 = maximum restriction,0
2018,OECD Digital Services Trade Restrictiveness Index,GBR,United Kingdom,Payment system,Index: 1 = maximum restriction,0
2017,OECD Digital Services Trade Restrictiveness Index,GBR,United Kingdom,Payment system,Index: 1 = maximum restriction,0
2016,OECD Digital Services Trade Restrictiveness Index,GBR,United Kingdom,Payment system,Index: 1 = maximum restriction,0
2015,OECD Digital Services Trade Restrictiveness Index,GBR,United Kingdom,Payment system,Index: 1 = maximum restriction,0
2014,OECD Digital Services Trade Restrictiveness Index,GBR,United Kingdom,Payment system,Index: 1 = maximum restriction,0
2020,OECD Digital Services Trade Restrictiveness Index,GBR,United Kingdom,Payment system,Index: 1 = maximum restriction,0
2019,OECD Digital Services Trade Restrictiveness Index,GBR,United Kingdom,Payment system,Index: 1 = maximum restriction,0
2024,OECD Digital Services Trade Restrictiveness Index,GBR,United Kingdom,Intellectual property rights,Index: 1 = maximum restriction,0
2023,OECD Digital Services Trade Restrictiveness Index,GBR,United Kingdom,Intellectual property rights,Index: 1 = maximum restriction,0
2022,OECD Digital Services Trade Restrictiveness Index,GBR,United Kingdom,Intellectual property rights,Index: 1 = maximum restriction,0
2021,OECD Digital Services Trade Restrictiveness Index,GBR,United Kingdom,Intellectual property rights,Index: 1 = maximum restriction,0
2018,OECD Digital Services Trade Restrictiveness Index,GBR,United Kingdom,Intellectual property rights,Index: 1 = maximum restriction,0
2017,OECD Digital Services Trade Restrictiveness Index,GBR,United Kingdom,Intellectual property rights,Index: 1 = maximum restriction,0
2016,OECD Digital Services Trade Restrictiveness Index,GBR,United Kingdom,Intellectual property rights,Index: 1 = maximum restriction,0
2015,OECD Digital Services Trade Restrictiveness Index,GBR,United Kingdom,Intellectual property rights,Index: 1 = maximum restriction,0
2014,OECD Digital Services Trade Restrictiveness Index,GBR,United Kingdom,Intellectual property rights,Index: 1 = maximum restriction,0
2020,OECD Digital Services Trade Restrictiveness Index,GBR,United Kingdom,Intellectual property rights,Index: 1 = maximum restriction,0
2019,OECD Digital Services Trade Restrictiveness Index,GBR,United Kingdom,Intellectual property rights,Index: 1 = maximum restriction,0
2024,OECD Digital Services Trade Restrictiveness Index,USA,United States,Infrastructure and connectivity,Index: 1 = maximum restriction,0.04
2023,OECD Digital Services Trade Restrictiveness Index,USA,United States,Infrastructure and connectivity,Index: 1 = maximum restriction,0.04
2022,OECD Digital Services Trade Restrictiveness Index,USA,United States,Infrastructure and connectivity,Index: 1 = maximum restriction,0.04
2021,OECD Digital Services Trade Restrictiveness Index,USA,United States,Infrastructure and connectivity,Index: 1 = maximum restriction,0.04
2018,OECD Digital Services Trade Restrictiveness Index,USA,United States,Infrastructure and connectivity,Index: 1 = maximum restriction,0.04
2017,OECD Digital Services Trade Restrictiveness Index,USA,United States,Infrastructure and connectivity,Index: 1 = maximum restriction,0.04
2016,OECD Digital Services Trade Restrictiveness Index,USA,United States,Infrastructure and connectivity,Index: 1 = maximum restriction,0.04
2015,OECD Digital Services Trade Restrictiveness Index,USA,United States,Infrastructure and connectivity,Index: 1 = maximum restriction,0.04
2014,OECD Digital Services Trade Restrictiveness Index,USA,United States,Infrastructure and connectivity,Index: 1 = maximum restriction,0.04
2020,OECD Digital Services Trade Restrictiveness Index,USA,United States,Infrastructure and connectivity,Index: 1 = maximum restriction,0.04
2019,OECD Digital Services Trade Restrictiveness Index,USA,United States,Infrastructure and connectivity,Index: 1 = maximum restriction,0.04
2024,OECD Digital Services Trade Restrictiveness Index,USA,United States,Indicator DSTRI,Index: 1 = maximum restriction,0.06
2023,OECD Digital Services Trade Restrictiveness Index,USA,United States,Indicator DSTRI,Index: 1 = maximum restriction,0.06
2022,OECD Digital Services Trade Restrictiveness Index,USA,United States,Indicator DSTRI,Index: 1 = maximum restriction,0.06
2021,OECD Digital Services Trade Restrictiveness Index,USA,United States,Indicator DSTRI,Index: 1 = maximum restriction,0.06
2018,OECD Digital Services Trade Restrictiveness Index,USA,United States,Indicator DSTRI,Index: 1 = maximum restriction,0.06
2017,OECD Digital Services Trade Restrictiveness Index,USA,United States,Indicator DSTRI,Index: 1 = maximum restriction,0.06
2016,OECD Digital Services Trade Restrictiveness Index,USA,United States,Indicator DSTRI,Index: 1 = maximum restriction,0.06
2015,OECD Digital Services Trade Restrictiveness Index,USA,United States,Indicator DSTRI,Index: 1 = maximum restriction,0.06
2014,OECD Digital Services Trade Restrictiveness Index,USA,United States,Indicator DSTRI,Index: 1 = maximum restriction,0.06
2020,OECD Digital Services Trade Restrictiveness Index,USA,United States,Indicator DSTRI,Index: 1 = maximum restriction,0.06
2019,OECD Digital Services Trade Restrictiveness Index,USA,United States,Indicator DSTRI,Index: 1 = maximum restriction,0.06
2024,OECD Digital Services Trade Restrictiveness Index,USA,United States,Electronic transactions,Index: 1 = maximum restriction,0.02
2023,OECD Digital Services Trade Restrictiveness Index,USA,United States,Electronic transactions,Index: 1 = maximum restriction,0.02
2022,OECD Digital Services Trade Restrictiveness Index,USA,United States,Electronic transactions,Index: 1 = maximum restriction,0.02
2021,OECD Digital Services Trade Restrictiveness Index,USA,United States,Electronic transactions,Index: 1 = maximum restriction,0.02
2018,OECD Digital Services Trade Restrictiveness Index,USA,United States,Electronic transactions,Index: 1 = maximum restriction,0.02
2017,OECD Digital Services Trade Restrictiveness Index,USA,United States,Electronic transactions,Index: 1 = maximum restriction,0.02
2016,OECD Digital Services Trade Restrictiveness Index,USA,United States,Electronic transactions,Index: 1 = maximum restriction,0.02
2015,OECD Digital Services Trade Restrictiveness Index,USA,United States,Electronic transactions,Index: 1 = maximum restriction,0.02
2014,OECD Digital Services Trade Restrictiveness Index,USA,United States,Electronic transactions,Index: 1 = maximum restriction,0.02
2020,OECD Digital Services Trade Restrictiveness Index,USA,United States,Electronic transactions,Index: 1 = maximum restriction,0.02
2019,OECD Digital Services Trade Restrictiveness Index,USA,United States,Electronic transactions,Index: 1 = maximum restriction,0.02
2024,OECD Digital Services Trade Restrictiveness Index,USA,United States,Other barriers affecting trade in digitally enabled services,Index: 1 = maximum restriction,0
2023,OECD Digital Services Trade Restrictiveness Index,USA,United States,Other barriers affecting trade in digitally enabled services,Index: 1 = maximum restriction,0
2022,OECD Digital Services Trade Restrictiveness Index,USA,United States,Other barriers affecting trade in digitally enabled services,Index: 1 = maximum restriction,0
2021,OECD Digital Services Trade Restrictiveness Index,USA,United States,Other barriers affecting trade in digitally enabled services,Index: 1 = maximum restriction,0
2018,OECD Digital Services Trade Restrictiveness Index,USA,United States,Other barriers affecting trade in digitally enabled services,Index: 1 = maximum restriction,0
2017,OECD Digital Services Trade Restrictiveness Index,USA,United States,Other barriers affecting trade in digitally enabled services,Index: 1 = maximum restriction,0
2016,OECD Digital Services Trade Restrictiveness Index,USA,United States,Other barriers affecting trade in digitally enabled services,Index: 1 = maximum restriction,0
2015,OECD Digital Services Trade Restrictiveness Index,USA,United States,Other barriers affecting trade in digitally enabled services,Index: 1 = maximum restriction,0
2014,OECD Digital Services Trade Restrictiveness Index,USA,United States,Other barriers affecting trade in digitally enabled services,Index: 1 = maximum restriction,0
2020,OECD Digital Services Trade Restrictiveness Index,USA,United States,Other barriers affecting trade in digitally enabled services,Index: 1 = maximum restriction,0
2019,OECD Digital Services Trade Restrictiveness Index,USA,United States,Other barriers affecting trade in digitally enabled services,Index: 1 = maximum restriction,0
2024,OECD Digital Services Trade Restrictiveness Index,USA,United States,Payment system,Index: 1 = maximum restriction,0
2023,OECD Digital Services Trade Restrictiveness Index,USA,United States,Payment system,Index: 1 = maximum restriction,0
2022,OECD Digital Services Trade Restrictiveness Index,USA,United States,Payment system,Index: 1 = maximum restriction,0
2021,OECD Digital Services Trade Restrictiveness Index,USA,United States,Payment system,Index: 1 = maximum restriction,0
2018,OECD Digital Services Trade Restrictiveness Index,USA,United States,Payment system,Index: 1 = maximum restriction,0
2017,OECD Digital Services Trade Restrictiveness Index,USA,United States,Payment system,Index: 1 = maximum restriction,0
2016,OECD Digital Services Trade Restrictiveness Index,USA,United States,Payment system,Index: 1 = maximum restriction,0
2015,OECD Digital Services Trade Restrictiveness Index,USA,United States,Payment system,Index: 1 = maximum restriction,0
2014,OECD Digital Services Trade Restrictiveness Index,USA,United States,Payment system,Index: 1 = maximum restriction,0
2020,OECD Digital Services Trade Restrictiveness Index,USA,United States,Payment system,Index: 1 = maximum restriction,0
2019,OECD Digital Services Trade Restrictiveness Index,USA,United States,Payment system,Index: 1 = maximum restriction,0
2024,OECD Digital Services Trade Restrictiveness Index,USA,United States,Intellectual property rights,Index: 1 = maximum restriction,0
2023,OECD Digital Services Trade Restrictiveness Index,USA,United States,Intellectual property rights,Index: 1 = maximum restriction,0
2022,OECD Digital Services Trade Restrictiveness Index,USA,United States,Intellectual property rights,Index: 1 = maximum restriction,0
2021,OECD Digital Services Trade Restrictiveness Index,USA,United States,Intellectual property rights,Index: 1 = maximum restriction,0
2018,OECD Digital Services Trade Restrictiveness Index,USA,United States,Intellectual property rights,Index: 1 = maximum restriction,0
2017,OECD Digital Services Trade Restrictiveness Index,USA,United States,Intellectual property rights,Index: 1 = maximum restriction,0
2016,OECD Digital Services Trade Restrictiveness Index,USA,United States,Intellectual property rights,Index: 1 = maximum restriction,0
2015,OECD Digital Services Trade Restrictiveness Index,USA,United States,Intellectual property rights,Index: 1 = maximum restriction,0
2014,OECD Digital Services Trade Restrictiveness Index,USA,United States,Intellectual property rights,Index: 1 = maximum restriction,0
2020,OECD Digital Services Trade Restrictiveness Index,USA,United States,Intellectual property rights,Index: 1 = maximum restriction,0
2019,OECD Digital Services Trade Restrictiveness Index,USA,United States,Intellectual property rights,Index: 1 = maximum restriction,0
2024,OECD Digital Services Trade Restrictiveness Index,OECD,OECD,Infrastructure and connectivity,Index: 1 = maximum restriction,0.05
2023,OECD Digital Services Trade Restrictiveness Index,OECD,OECD,Infrastructure and connectivity,Index: 1 = maximum restriction,0.05
2022,OECD Digital Services Trade Restrictiveness Index,OECD,OECD,Infrastructure and connectivity,Index: 1 = maximum restriction,0.05
2021,OECD Digital Services Trade Restrictiveness Index,OECD,OECD,Infrastructure and connectivity,Index: 1 = maximum restriction,0.05
2018,OECD Digital Services Trade Restrictiveness Index,OECD,OECD,Infrastructure and connectivity,Index: 1 = maximum restriction,0.05
2017,OECD Digital Services Trade Restrictiveness Index,OECD,OECD,Infrastructure and connectivity,Index: 1 = maximum restriction,0.05
2016,OECD Digital Services Trade Restrictiveness Index,OECD,OECD,Infrastructure and connectivity,Index: 1 = maximum restriction,0.04
2015,OECD Digital Services Trade Restrictiveness Index,OECD,OECD,Infrastructure and connectivity,Index: 1 = maximum restriction,0.04
2014,OECD Digital Services Trade Restrictiveness Index,OECD,OECD,Infrastructure and connectivity,Index: 1 = maximum restriction,0.05
2020,OECD Digital Services Trade Restrictiveness Index,OECD,OECD,Infrastructure and connectivity,Index: 1 = maximum restriction,0.05
2019,OECD Digital Services Trade Restrictiveness Index,OECD,OECD,Infrastructure and connectivity,Index: 1 = maximum restriction,0.06
2024,OECD Digital Services Trade Restrictiveness Index,OECD,OECD,Indicator DSTRI,Index: 1 = maximum restriction,0.11
2023,OECD Digital Services Trade Restrictiveness Index,OECD,OECD,Indicator DSTRI,Index: 1 = maximum restriction,0.11
2022,OECD Digital Services Trade Restrictiveness Index,OECD,OECD,Indicator DSTRI,Index: 1 = maximum restriction,0.11
2021,OECD Digital Services Trade Restrictiveness Index,OECD,OECD,Indicator DSTRI,Index: 1 = maximum restriction,0.11
2018,OECD Digital Services Trade Restrictiveness Index,OECD,OECD,Indicator DSTRI,Index: 1 = maximum restriction,0.11
2017,OECD Digital Services Trade Restrictiveness Index,OECD,OECD,Indicator DSTRI,Index: 1 = maximum restriction,0.09
2016,OECD Digital Services Trade Restrictiveness Index,OECD,OECD,Indicator DSTRI,Index: 1 = maximum restriction,0.08
2015,OECD Digital Services Trade Restrictiveness Index,OECD,OECD,Indicator DSTRI,Index: 1 = maximum restriction,0.08
2014,OECD Digital Services Trade Restrictiveness Index,OECD,OECD,Indicator DSTRI,Index: 1 = maximum restriction,0.09
2020,OECD Digital Services Trade Restrictiveness Index,OECD,OECD,Indicator DSTRI,Index: 1 = maximum restriction,0.11
2019,OECD Digital Services Trade Restrictiveness Index,OECD,OECD,Indicator DSTRI,Index: 1 = maximum restriction,0.11
2024,OECD Digital Services Trade Restrictiveness Index,OECD,OECD,Electronic transactions,Index: 1 = maximum restriction,0.03
2023,OECD Digital Services Trade Restrictiveness Index,OECD,OECD,Electronic transactions,Index: 1 = maximum restriction,0.03
2022,OECD Digital Services Trade Restrictiveness Index,OECD,OECD,Electronic transactions,Index: 1 = maximum restriction,0.03
2021,OECD Digital Services Trade Restrictiveness Index,OECD,OECD,Electronic transactions,Index: 1 = maximum restriction,0.03
2018,OECD Digital Services Trade Restrictiveness Index,OECD,OECD,Electronic transactions,Index: 1 = maximum restriction,0.03
2017,OECD Digital Services Trade Restrictiveness Index,OECD,OECD,Electronic transactions,Index: 1 = maximum restriction,0.03
2016,OECD Digital Services Trade Restrictiveness Index,OECD,OECD,Electronic transactions,Index: 1 = maximum restriction,0.03
2015,OECD Digital Services Trade Restrictiveness Index,OECD,OECD,Electronic transactions,Index: 1 = maximum restriction,0.03
2014,OECD Digital Services Trade Restrictiveness Index,OECD,OECD,Electronic transactions,Index: 1 = maximum restriction,0.03
2020,OECD Digital Services Trade Restrictiveness Index,OECD,OECD,Electronic transactions,Index: 1 = maximum restriction,0.03
2019,OECD Digital Services Trade Restrictiveness Index,OECD,OECD,Electronic transactions,Index: 1 = maximum restriction,0.03
2024,OECD Digital Services Trade Restrictiveness Index,OECD,OECD,Other barriers affecting trade in digitally enabled services,Index: 1 = maximum restriction,0.02
2023,OECD Digital Services Trade Restrictiveness Index,OECD,OECD,Other barriers affecting trade in digitally enabled services,Index: 1 = maximum restriction,0.02
2022,OECD Digital Services Trade Restrictiveness Index,OECD,OECD,Other barriers affecting trade in digitally enabled services,Index: 1 = maximum restriction,0.02
2021,OECD Digital Services Trade Restrictiveness Index,OECD,OECD,Other barriers affecting trade in digitally enabled services,Index: 1 = maximum restriction,0.02
2018,OECD Digital Services Trade Restrictiveness Index,OECD,OECD,Other barriers affecting trade in digitally enabled services,Index: 1 = maximum restriction,0.02
2017,OECD Digital Services Trade Restrictiveness Index,OECD,OECD,Other barriers affecting trade in digitally enabled services,Index: 1 = maximum restriction,0.01
2016,OECD Digital Services Trade Restrictiveness Index,OECD,OECD,Other barriers affecting trade in digitally enabled services,Index: 1 = maximum restriction,0.01
2015,OECD Digital Services Trade Restrictiveness Index,OECD,OECD,Other barriers affecting trade in digitally enabled services,Index: 1 = maximum restriction,0.01
2014,OECD Digital Services Trade Restrictiveness Index,OECD,OECD,Other barriers affecting trade in digitally enabled services,Index: 1 = maximum restriction,0.01
2020,OECD Digital Services Trade Restrictiveness Index,OECD,OECD,Other barriers affecting trade in digitally enabled services,Index: 1 = maximum restriction,0.02
2019,OECD Digital Services Trade Restrictiveness Index,OECD,OECD,Other barriers affecting trade in digitally enabled services,Index: 1 = maximum restriction,0.02
2024,OECD Digital Services Trade Restrictiveness Index,OECD,OECD,Payment system,Index: 1 = maximum restriction,0
2023,OECD Digital Services Trade Restrictiveness Index,OECD,OECD,Payment system,Index: 1 = maximum restriction,0
2022,OECD Digital Services Trade Restrictiveness Index,OECD,OECD,Payment system,Index: 1 = maximum restriction,0
2021,OECD Digital Services Trade Restrictiveness Index,OECD,OECD,Payment system,Index: 1 = maximum restriction,0
2018,OECD Digital Services Trade Restrictiveness Index,OECD,OECD,Payment system,Index: 1 = maximum restriction,0
2017,OECD Digital Services Trade Restrictiveness Index,OECD,OECD,Payment system,Index: 1 = maximum restriction,0
2016,OECD Digital Services Trade Restrictiveness Index,OECD,OECD,Payment system,Index: 1 = maximum restriction,0
2015,OECD Digital Services Trade Restrictiveness Index,OECD,OECD,Payment system,Index: 1 = maximum restriction,0
2014,OECD Digital Services Trade Restrictiveness Index,OECD,OECD,Payment system,Index: 1 = maximum restriction,0
2020,OECD Digital Services Trade Restrictiveness Index,OECD,OECD,Payment system,Index: 1 = maximum restriction,0
2019,OECD Digital Services Trade Restrictiveness Index,OECD,OECD,Payment system,Index: 1 = maximum restriction,0
2024,OECD Digital Services Trade Restrictiveness Index,OECD,OECD,Intellectual property rights,Index: 1 = maximum restriction,0
2023,OECD Digital Services Trade Restrictiveness Index,OECD,OECD,Intellectual property rights,Index: 1 = maximum restriction,0
2022,OECD Digital Services Trade Restrictiveness Index,OECD,OECD,Intellectual property rights,Index: 1 = maximum restriction,0
2021,OECD Digital Services Trade Restrictiveness Index,OECD,OECD,Intellectual property rights,Index: 1 = maximum restriction,0
2018,OECD Digital Services Trade Restrictiveness Index,OECD,OECD,Intellectual property rights,Index: 1 = maximum restriction,0
2017,OECD Digital Services Trade Restrictiveness Index,OECD,OECD,Intellectual property rights,Index: 1 = maximum restriction,0
2016,OECD Digital Services Trade Restrictiveness Index,OECD,OECD,Intellectual property rights,Index: 1 = maximum restriction,0
2015,OECD Digital Services Trade Restrictiveness Index,OECD,OECD,Intellectual property rights,Index: 1 = maximum restriction,0
2014,OECD Digital Services Trade Restrictiveness Index,OECD,OECD,Intellectual property rights,Index: 1 = maximum restriction,0
2020,OECD Digital Services Trade Restrictiveness Index,OECD,OECD,Intellectual property rights,Index: 1 = maximum restriction,0
2019,OECD Digital Services Trade Restrictiveness Index,OECD,OECD,Intellectual property rights,Index: 1 = maximum restriction,0
2024,OECD Digital Services Trade Restrictiveness Index,BRA,Brazil,Infrastructure and connectivity,Index: 1 = maximum restriction,0.08
2023,OECD Digital Services Trade Restrictiveness Index,BRA,Brazil,Infrastructure and connectivity,Index: 1 = maximum restriction,0.08
2022,OECD Digital Services Trade Restrictiveness Index,BRA,Brazil,Infrastructure and connectivity,Index: 1 = maximum restriction,0.08
2021,OECD Digital Services Trade Restrictiveness Index,BRA,Brazil,Infrastructure and connectivity,Index: 1 = maximum restriction,0.08
2018,OECD Digital Services Trade Restrictiveness Index,BRA,Brazil,Infrastructure and connectivity,Index: 1 = maximum restriction,0.16
2017,OECD Digital Services Trade Restrictiveness Index,BRA,Brazil,Infrastructure and connectivity,Index: 1 = maximum restriction,0.24
2016,OECD Digital Services Trade Restrictiveness Index,BRA,Brazil,Infrastructure and connectivity,Index: 1 = maximum restriction,0.24
2015,OECD Digital Services Trade Restrictiveness Index,BRA,Brazil,Infrastructure and connectivity,Index: 1 = maximum restriction,0.2
2014,OECD Digital Services Trade Restrictiveness Index,BRA,Brazil,Infrastructure and connectivity,Index: 1 = maximum restriction,0.2
2020,OECD Digital Services Trade Restrictiveness Index,BRA,Brazil,Infrastructure and connectivity,Index: 1 = maximum restriction,0.08
2019,OECD Digital Services Trade Restrictiveness Index,BRA,Brazil,Infrastructure and connectivity,Index: 1 = maximum restriction,0.16
2024,OECD Digital Services Trade Restrictiveness Index,BRA,Brazil,Indicator DSTRI,Index: 1 = maximum restriction,0.14
2023,OECD Digital Services Trade Restrictiveness Index,BRA,Brazil,Indicator DSTRI,Index: 1 = maximum restriction,0.14
2022,OECD Digital Services Trade Restrictiveness Index,BRA,Brazil,Indicator DSTRI,Index: 1 = maximum restriction,0.14
2021,OECD Digital Services Trade Restrictiveness Index,BRA,Brazil,Indicator DSTRI,Index: 1 = maximum restriction,0.14
2018,OECD Digital Services Trade Restrictiveness Index,BRA,Brazil,Indicator DSTRI,Index: 1 = maximum restriction,0.22
2017,OECD Digital Services Trade Restrictiveness Index,BRA,Brazil,Indicator DSTRI,Index: 1 = maximum restriction,0.32
2016,OECD Digital Services Trade Restrictiveness Index,BRA,Brazil,Indicator DSTRI,Index: 1 = maximum restriction,0.32
2015,OECD Digital Services Trade Restrictiveness Index,BRA,Brazil,Indicator DSTRI,Index: 1 = maximum restriction,0.28
2014,OECD Digital Services Trade Restrictiveness Index,BRA,Brazil,Indicator DSTRI,Index: 1 = maximum restriction,0.28
2020,OECD Digital Services Trade Restrictiveness Index,BRA,Brazil,Indicator DSTRI,Index: 1 = maximum restriction,0.14
2019,OECD Digital Services Trade Restrictiveness Index,BRA,Brazil,Indicator DSTRI,Index: 1 = maximum restriction,0.22
2024,OECD Digital Services Trade Restrictiveness Index,BRA,Brazil,Electronic transactions,Index: 1 = maximum restriction,0.04
2023,OECD Digital Services Trade Restrictiveness Index,BRA,Brazil,Electronic transactions,Index: 1 = maximum restriction,0.04
2022,OECD Digital Services Trade Restrictiveness Index,BRA,Brazil,Electronic transactions,Index: 1 = maximum restriction,0.04
2021,OECD Digital Services Trade Restrictiveness Index,BRA,Brazil,Electronic transactions,Index: 1 = maximum restriction,0.04
2018,OECD Digital Services Trade Restrictiveness Index,BRA,Brazil,Electronic transactions,Index: 1 = maximum restriction,0.04
2017,OECD Digital Services Trade Restrictiveness Index,BRA,Brazil,Electronic transactions,Index: 1 = maximum restriction,0.04
2016,OECD Digital Services Trade Restrictiveness Index,BRA,Brazil,Electronic transactions,Index: 1 = maximum restriction,0.04
2015,OECD Digital Services Trade Restrictiveness Index,BRA,Brazil,Electronic transactions,Index: 1 = maximum restriction,0.04
2014,OECD Digital Services Trade Restrictiveness Index,BRA,Brazil,Electronic transactions,Index: 1 = maximum restriction,0.04
2020,OECD Digital Services Trade Restrictiveness Index,BRA,Brazil,Electronic transactions,Index: 1 = maximum restriction,0.04
2019,OECD Digital Services Trade Restrictiveness Index,BRA,Brazil,Electronic transactions,Index: 1 = maximum restriction,0.04
2024,OECD Digital Services Trade Restrictiveness Index,BRA,Brazil,Other barriers affecting trade in digitally enabled services,Index: 1 = maximum restriction,0
2023,OECD Digital Services Trade Restrictiveness Index,BRA,Brazil,Other barriers affecting trade in digitally enabled services,Index: 1 = maximum restriction,0
2022,OECD Digital Services Trade Restrictiveness Index,BRA,Brazil,Other barriers affecting trade in digitally enabled services,Index: 1 = maximum restriction,0
2021,OECD Digital Services Trade Restrictiveness Index,BRA,Brazil,Other barriers affecting trade in digitally enabled services,Index: 1 = maximum restriction,0
2018,OECD Digital Services Trade Restrictiveness Index,BRA,Brazil,Other barriers affecting trade in digitally enabled services,Index: 1 = maximum restriction,0
2017,OECD Digital Services Trade Restrictiveness Index,BRA,Brazil,Other barriers affecting trade in digitally enabled services,Index: 1 = maximum restriction,0.02
2016,OECD Digital Services Trade Restrictiveness Index,BRA,Brazil,Other barriers affecting trade in digitally enabled services,Index: 1 = maximum restriction,0.02
2015,OECD Digital Services Trade Restrictiveness Index,BRA,Brazil,Other barriers affecting trade in digitally enabled services,Index: 1 = maximum restriction,0.02
2014,OECD Digital Services Trade Restrictiveness Index,BRA,Brazil,Other barriers affecting trade in digitally enabled services,Index: 1 = maximum restriction,0.02
2020,OECD Digital Services Trade Restrictiveness Index,BRA,Brazil,Other barriers affecting trade in digitally enabled services,Index: 1 = maximum restriction,0
2019,OECD Digital Services Trade Restrictiveness Index,BRA,Brazil,Other barriers affecting trade in digitally enabled services,Index: 1 = maximum restriction,0
2024,OECD Digital Services Trade Restrictiveness Index,BRA,Brazil,Payment system,Index: 1 = maximum restriction,0
2023,OECD Digital Services Trade Restrictiveness Index,BRA,Brazil,Payment system,Index: 1 = maximum restriction,0
2022,OECD Digital Services Trade Restrictiveness Index,BRA,Brazil,Payment system,Index: 1 = maximum restriction,0
2021,OECD Digital Services Trade Restrictiveness Index,BRA,Brazil,Payment system,Index: 1 = maximum restriction,0
2018,OECD Digital Services Trade Restrictiveness Index,BRA,Brazil,Payment system,Index: 1 = maximum restriction,0
2017,OECD Digital Services Trade Restrictiveness Index,BRA,Brazil,Payment system,Index: 1 = maximum restriction,0
2016,OECD Digital Services Trade Restrictiveness Index,BRA,Brazil,Payment system,Index: 1 = maximum restriction,0
2015,OECD Digital Services Trade Restrictiveness Index,BRA,Brazil,Payment system,Index: 1 = maximum restriction,0
2014,OECD Digital Services Trade Restrictiveness Index,BRA,Brazil,Payment system,Index: 1 = maximum restriction,0
2020,OECD Digital Services Trade Restrictiveness Index,BRA,Brazil,Payment system,Index: 1 = maximum restriction,0
2019,OECD Digital Services Trade Restrictiveness Index,BRA,Brazil,Payment system,Index: 1 = maximum restriction,0
2024,OECD Digital Services Trade Restrictiveness Index,BRA,Brazil,Intellectual property rights,Index: 1 = maximum restriction,0.02
2023,OECD Digital Services Trade Restrictiveness Index,BRA,Brazil,Intellectual property rights,Index: 1 = maximum restriction,0.02
2022,OECD Digital Services Trade Restrictiveness Index,BRA,Brazil,Intellectual property rights,Index: 1 = maximum restriction,0.02
2021,OECD Digital Services Trade Restrictiveness Index,BRA,Brazil,Intellectual property rights,Index: 1 = maximum restriction,0.02
2018,OECD Digital Services Trade Restrictiveness Index,BRA,Brazil,Intellectual property rights,Index: 1 = maximum restriction,0.02
2017,OECD Digital Services Trade Restrictiveness Index,BRA,Brazil,Intellectual property rights,Index: 1 = maximum restriction,0.02
2016,OECD Digital Services Trade Restrictiveness Index,BRA,Brazil,Intellectual property rights,Index: 1 = maximum restriction,0.02
2015,OECD Digital Services Trade Restrictiveness Index,BRA,Brazil,Intellectual property rights,Index: 1 = maximum restriction,0.02
2014,OECD Digital Services Trade Restrictiveness Index,BRA,Brazil,Intellectual property rights,Index: 1 = maximum restriction,0.02
2020,OECD Digital Services Trade Restrictiveness Index,BRA,Brazil,Intellectual property rights,Index: 1 = maximum restriction,0.02
2019,OECD Digital Services Trade Restrictiveness Index,BRA,Brazil,Intellectual property rights,Index: 1 = maximum restriction,0.02
2024,OECD Digital Services Trade Restrictiveness Index,CHN,China (People’s Republic of),Infrastructure and connectivity,Index: 1 = maximum restriction,0.2
2023,OECD Digital Services Trade Restrictiveness Index,CHN,China (People’s Republic of),Infrastructure and connectivity,Index: 1 = maximum restriction,0.2
2022,OECD Digital Services Trade Restrictiveness Index,CHN,China (People’s Republic of),Infrastructure and connectivity,Index: 1 = maximum restriction,0.2
2021,OECD Digital Services Trade Restrictiveness Index,CHN,China (People’s Republic of),Infrastructure and connectivity,Index: 1 = maximum restriction,0.2
2018,OECD Digital Services Trade Restrictiveness Index,CHN,China (People’s Republic of),Infrastructure and connectivity,Index: 1 = maximum restriction,0.2
2017,OECD Digital Services Trade Restrictiveness Index,CHN,China (People’s Republic of),Infrastructure and connectivity,Index: 1 = maximum restriction,0.16
2016,OECD Digital Services Trade Restrictiveness Index,CHN,China (People’s Republic of),Infrastructure and connectivity,Index: 1 = maximum restriction,0.08
2015,OECD Digital Services Trade Restrictiveness Index,CHN,China (People’s Republic of),Infrastructure and connectivity,Index: 1 = maximum restriction,0.08
2014,OECD Digital Services Trade Restrictiveness Index,CHN,China (People’s Republic of),Infrastructure and connectivity,Index: 1 = maximum restriction,0.08
2020,OECD Digital Services Trade Restrictiveness Index,CHN,China (People’s Republic of),Infrastructure and connectivity,Index: 1 = maximum restriction,0.2
2019,OECD Digital Services Trade Restrictiveness Index,CHN,China (People’s Republic of),Infrastructure and connectivity,Index: 1 = maximum restriction,0.2
2024,OECD Digital Services Trade Restrictiveness Index,CHN,China (People’s Republic of),Indicator DSTRI,Index: 1 = maximum restriction,0.35
2023,OECD Digital Services Trade Restrictiveness Index,CHN,China (People’s Republic of),Indicator DSTRI,Index: 1 = maximum restriction,0.35
2022,OECD Digital Services Trade Restrictiveness Index,CHN,China (People’s Republic of),Indicator DSTRI,Index: 1 = maximum restriction,0.35
2021,OECD Digital Services Trade Restrictiveness Index,CHN,China (People’s Republic of),Indicator DSTRI,Index: 1 = maximum restriction,0.35
2018,OECD Digital Services Trade Restrictiveness Index,CHN,China (People’s Republic of),Indicator DSTRI,Index: 1 = maximum restriction,0.35
2017,OECD Digital Services Trade Restrictiveness Index,CHN,China (People’s Republic of),Indicator DSTRI,Index: 1 = maximum restriction,0.33
2016,OECD Digital Services Trade Restrictiveness Index,CHN,China (People’s Republic of),Indicator DSTRI,Index: 1 = maximum restriction,0.22
2015,OECD Digital Services Trade Restrictiveness Index,CHN,China (People’s Republic of),Indicator DSTRI,Index: 1 = maximum restriction,0.18
2014,OECD Digital Services Trade Restrictiveness Index,CHN,China (People’s Republic of),Indicator DSTRI,Index: 1 = maximum restriction,0.18
2020,OECD Digital Services Trade Restrictiveness Index,CHN,China (People’s Republic of),Indicator DSTRI,Index: 1 = maximum restriction,0.35
2019,OECD Digital Services Trade Restrictiveness Index,CHN,China (People’s Republic of),Indicator DSTRI,Index: 1 = maximum restriction,0.35
2024,OECD Digital Services Trade Restrictiveness Index,CHN,China (People’s Republic of),Electronic transactions,Index: 1 = maximum restriction,0.04
2023,OECD Digital Services Trade Restrictiveness Index,CHN,China (People’s Republic of),Electronic transactions,Index: 1 = maximum restriction,0.04
2022,OECD Digital Services Trade Restrictiveness Index,CHN,China (People’s Republic of),Electronic transactions,Index: 1 = maximum restriction,0.04
2021,OECD Digital Services Trade Restrictiveness Index,CHN,China (People’s Republic of),Electronic transactions,Index: 1 = maximum restriction,0.04
2018,OECD Digital Services Trade Restrictiveness Index,CHN,China (People’s Republic of),Electronic transactions,Index: 1 = maximum restriction,0.04
2017,OECD Digital Services Trade Restrictiveness Index,CHN,China (People’s Republic of),Electronic transactions,Index: 1 = maximum restriction,0.04
2016,OECD Digital Services Trade Restrictiveness Index,CHN,China (People’s Republic of),Electronic transactions,Index: 1 = maximum restriction,0.04
2015,OECD Digital Services Trade Restrictiveness Index,CHN,China (People’s Republic of),Electronic transactions,Index: 1 = maximum restriction,0.04
2014,OECD Digital Services Trade Restrictiveness Index,CHN,China (People’s Republic of),Electronic transactions,Index: 1 = maximum restriction,0.04
2020,OECD Digital Services Trade Restrictiveness Index,CHN,China (People’s Republic of),Electronic transactions,Index: 1 = maximum restriction,0.04
2019,OECD Digital Services Trade Restrictiveness Index,CHN,China (People’s Republic of),Electronic transactions,Index: 1 = maximum restriction,0.04
2024,OECD Digital Services Trade Restrictiveness Index,CHN,China (People’s Republic of),Other barriers affecting trade in digitally enabled services,Index: 1 = maximum restriction,0.09
2023,OECD Digital Services Trade Restrictiveness Index,CHN,China (People’s Republic of),Other barriers affecting trade in digitally enabled services,Index: 1 = maximum restriction,0.09
2022,OECD Digital Services Trade Restrictiveness Index,CHN,China (People’s Republic of),Other barriers affecting trade in digitally enabled services,Index: 1 = maximum restriction,0.09
2021,OECD Digital Services Trade Restrictiveness Index,CHN,China (People’s Republic of),Other barriers affecting trade in digitally enabled services,Index: 1 = maximum restriction,0.09
2018,OECD Digital Services Trade Restrictiveness Index,CHN,China (People’s Republic of),Other barriers affecting trade in digitally enabled services,Index: 1 = maximum restriction,0.09
2017,OECD Digital Services Trade Restrictiveness Index,CHN,China (People’s Republic of),Other barriers affecting trade in digitally enabled services,Index: 1 = maximum restriction,0.09
2016,OECD Digital Services Trade Restrictiveness Index,CHN,China (People’s Republic of),Other barriers affecting trade in digitally enabled services,Index: 1 = maximum restriction,0.07
2015,OECD Digital Services Trade Restrictiveness Index,CHN,China (People’s Republic of),Other barriers affecting trade in digitally enabled services,Index: 1 = maximum restriction,0.04
2014,OECD Digital Services Trade Restrictiveness Index,CHN,China (People’s Republic of),Other barriers affecting trade in digitally enabled services,Index: 1 = maximum restriction,0.04
2020,OECD Digital Services Trade Restrictiveness Index,CHN,China (People’s Republic of),Other barriers affecting trade in digitally enabled services,Index: 1 = maximum restriction,0.09
2019,OECD Digital Services Trade Restrictiveness Index,CHN,China (People’s Republic of),Other barriers affecting trade in digitally enabled services,Index: 1 = maximum restriction,0.09
2024,OECD Digital Services Trade Restrictiveness Index,CHN,China (People’s Republic of),Payment system,Index: 1 = maximum restriction,0.02
2023,OECD Digital Services Trade Restrictiveness Index,CHN,China (People’s Republic of),Payment system,Index: 1 = maximum restriction,0.02
2022,OECD Digital Services Trade Restrictiveness Index,CHN,China (People’s Republic of),Payment system,Index: 1 = maximum restriction,0.02
2021,OECD Digital Services Trade Restrictiveness Index,CHN,China (People’s Republic of),Payment system,Index: 1 = maximum restriction,0.02
2018,OECD Digital Services Trade Restrictiveness Index,CHN,China (People’s Republic of),Payment system,Index: 1 = maximum restriction,0.02
2017,OECD Digital Services Trade Restrictiveness Index,CHN,China (People’s Republic of),Payment system,Index: 1 = maximum restriction,0.04
2016,OECD Digital Services Trade Restrictiveness Index,CHN,China (People’s Republic of),Payment system,Index: 1 = maximum restriction,0.04
2015,OECD Digital Services Trade Restrictiveness Index,CHN,China (People’s Republic of),Payment system,Index: 1 = maximum restriction,0.02
2014,OECD Digital Services Trade Restrictiveness Index,CHN,China (People’s Republic of),Payment system,Index: 1 = maximum restriction,0.02
2020,OECD Digital Services Trade Restrictiveness Index,CHN,China (People’s Republic of),Payment system,Index: 1 = maximum restriction,0.02
2019,OECD Digital Services Trade Restrictiveness Index,CHN,China (People’s Republic of),Payment system,Index: 1 = maximum restriction,0.02
2024,OECD Digital Services Trade Restrictiveness Index,CHN,China (People’s Republic of),Intellectual property rights,Index: 1 = maximum restriction,0
2023,OECD Digital Services Trade Restrictiveness Index,CHN,China (People’s Republic of),Intellectual property rights,Index: 1 = maximum restriction,0
2022,OECD Digital Services Trade Restrictiveness Index,CHN,China (People’s Republic of),Intellectual property rights,Index: 1 = maximum restriction,0
2021,OECD Digital Services Trade Restrictiveness Index,CHN,China (People’s Republic of),Intellectual property rights,Index: 1 = maximum restriction,0
2018,OECD Digital Services Trade Restrictiveness Index,CHN,China (People’s Republic of),Intellectual property rights,Index: 1 = maximum restriction,0
2017,OECD Digital Services Trade Restrictiveness Index,CHN,China (People’s Republic of),Intellectual property rights,Index: 1 = maximum restriction,0
2016,OECD Digital Services Trade Restrictiveness Index,CHN,China (People’s Republic of),Intellectual property rights,Index: 1 = maximum restriction,0
2015,OECD Digital Services Trade Restrictiveness Index,CHN,China (People’s Republic of),Intellectual property rights,Index: 1 = maximum restriction,0
2014,OECD Digital Services Trade Restrictiveness Index,CHN,China (People’s Republic of),Intellectual property rights,Index: 1 = maximum restriction,0
2020,OECD Digital Services Trade Restrictiveness Index,CHN,China (People’s Republic of),Intellectual property rights,Index: 1 = maximum restriction,0
2019,OECD Digital Services Trade Restrictiveness Index,CHN,China (People’s Republic of),Intellectual property rights,Index: 1 = maximum restriction,0
2024,OECD Digital Services Trade Restrictiveness Index,IND,India,Infrastructure and connectivity,Index: 1 = maximum restriction,0.12
2023,OECD Digital Services Trade Restrictiveness Index,IND,India,Infrastructure and connectivity,Index: 1 = maximum restriction,0.12
2022,OECD Digital Services Trade Restrictiveness Index,IND,India,Infrastructure and connectivity,Index: 1 = maximum restriction,0.12
2021,OECD Digital Services Trade Restrictiveness Index,IND,India,Infrastructure and connectivity,Index: 1 = maximum restriction,0.12
2018,OECD Digital Services Trade Restrictiveness Index,IND,India,Infrastructure and connectivity,Index: 1 = maximum restriction,0.12
2017,OECD Digital Services Trade Restrictiveness Index,IND,India,Infrastructure and connectivity,Index: 1 = maximum restriction,0.12
2016,OECD Digital Services Trade Restrictiveness Index,IND,India,Infrastructure and connectivity,Index: 1 = maximum restriction,0.08
2015,OECD Digital Services Trade Restrictiveness Index,IND,India,Infrastructure and connectivity,Index: 1 = maximum restriction,0.08
2014,OECD Digital Services Trade Restrictiveness Index,IND,India,Infrastructure and connectivity,Index: 1 = maximum restriction,0.08
2020,OECD Digital Services Trade Restrictiveness Index,IND,India,Infrastructure and connectivity,Index: 1 = maximum restriction,0.12
2019,OECD Digital Services Trade Restrictiveness Index,IND,India,Infrastructure and connectivity,Index: 1 = maximum restriction,0.12
2024,OECD Digital Services Trade Restrictiveness Index,IND,India,Indicator DSTRI,Index: 1 = maximum restriction,0.28
2023,OECD Digital Services Trade Restrictiveness Index,IND,India,Indicator DSTRI,Index: 1 = maximum restriction,0.28
2022,OECD Digital Services Trade Restrictiveness Index,IND,India,Indicator DSTRI,Index: 1 = maximum restriction,0.28
2021,OECD Digital Services Trade Restrictiveness Index,IND,India,Indicator DSTRI,Index: 1 = maximum restriction,0.28
2018,OECD Digital Services Trade Restrictiveness Index,IND,India,Indicator DSTRI,Index: 1 = maximum restriction,0.28
2017,OECD Digital Services Trade Restrictiveness Index,IND,India,Indicator DSTRI,Index: 1 = maximum restriction,0.28
2016,OECD Digital Services Trade Restrictiveness Index,IND,India,Indicator DSTRI,Index: 1 = maximum restriction,0.24
2015,OECD Digital Services Trade Restrictiveness Index,IND,India,Indicator DSTRI,Index: 1 = maximum restriction,0.2
2014,OECD Digital Services Trade Restrictiveness Index,IND,India,Indicator DSTRI,Index: 1 = maximum restriction,0.2
2020,OECD Digital Services Trade Restrictiveness Index,IND,India,Indicator DSTRI,Index: 1 = maximum restriction,0.28
2019,OECD Digital Services Trade Restrictiveness Index,IND,India,Indicator DSTRI,Index: 1 = maximum restriction,0.28
2024,OECD Digital Services Trade Restrictiveness Index,IND,India,Electronic transactions,Index: 1 = maximum restriction,0.04
2023,OECD Digital Services Trade Restrictiveness Index,IND,India,Electronic transactions,Index: 1 = maximum restriction,0.04
2022,OECD Digital Services Trade Restrictiveness Index,IND,India,Electronic transactions,Index: 1 = maximum restriction,0.04
2021,OECD Digital Services Trade Restrictiveness Index,IND,India,Electronic transactions,Index: 1 = maximum restriction,0.04
2018,OECD Digital Services Trade Restrictiveness Index,IND,India,Electronic transactions,Index: 1 = maximum restriction,0.04
2017,OECD Digital Services Trade Restrictiveness Index,IND,India,Electronic transactions,Index: 1 = maximum restriction,0.04
2016,OECD Digital Services Trade Restrictiveness Index,IND,India,Electronic transactions,Index: 1 = maximum restriction,0.04
2015,OECD Digital Services Trade Restrictiveness Index,IND,India,Electronic transactions,Index: 1 = maximum restriction,0.04
2014,OECD Digital Services Trade Restrictiveness Index,IND,India,Electronic transactions,Index: 1 = maximum restriction,0.04
2020,OECD Digital Services Trade Restrictiveness Index,IND,India,Electronic transactions,Index: 1 = maximum restriction,0.04
2019,OECD Digital Services Trade Restrictiveness Index,IND,India,Electronic transactions,Index: 1 = maximum restriction,0.04
2024,OECD Digital Services Trade Restrictiveness Index,IND,India,Other barriers affecting trade in digitally enabled services,Index: 1 = maximum restriction,0.07
2023,OECD Digital Services Trade Restrictiveness Index,IND,India,Other barriers affecting trade in digitally enabled services,Index: 1 = maximum restriction,0.07
2022,OECD Digital Services Trade Restrictiveness Index,IND,India,Other barriers affecting trade in digitally enabled services,Index: 1 = maximum restriction,0.07
2021,OECD Digital Services Trade Restrictiveness Index,IND,India,Other barriers affecting trade in digitally enabled services,Index: 1 = maximum restriction,0.07
2018,OECD Digital Services Trade Restrictiveness Index,IND,India,Other barriers affecting trade in digitally enabled services,Index: 1 = maximum restriction,0.07
2017,OECD Digital Services Trade Restrictiveness Index,IND,India,Other barriers affecting trade in digitally enabled services,Index: 1 = maximum restriction,0.07
2016,OECD Digital Services Trade Restrictiveness Index,IND,India,Other barriers affecting trade in digitally enabled services,Index: 1 = maximum restriction,0.07
2015,OECD Digital Services Trade Restrictiveness Index,IND,India,Other barriers affecting trade in digitally enabled services,Index: 1 = maximum restriction,0.02
2014,OECD Digital Services Trade Restrictiveness Index,IND,India,Other barriers affecting trade in digitally enabled services,Index: 1 = maximum restriction,0.02
2020,OECD Digital Services Trade Restrictiveness Index,IND,India,Other barriers affecting trade in digitally enabled services,Index: 1 = maximum restriction,0.07
2019,OECD Digital Services Trade Restrictiveness Index,IND,India,Other barriers affecting trade in digitally enabled services,Index: 1 = maximum restriction,0.07
2024,OECD Digital Services Trade Restrictiveness Index,IND,India,Payment system,Index: 1 = maximum restriction,0.06
2023,OECD Digital Services Trade Restrictiveness Index,IND,India,Payment system,Index: 1 = maximum restriction,0.06
2022,OECD Digital Services Trade Restrictiveness Index,IND,India,Payment system,Index: 1 = maximum restriction,0.06
2021,OECD Digital Services Trade Restrictiveness Index,IND,India,Payment system,Index: 1 = maximum restriction,0.06
2018,OECD Digital Services Trade Restrictiveness Index,IND,India,Payment system,Index: 1 = maximum restriction,0.06
2017,OECD Digital Services Trade Restrictiveness Index,IND,India,Payment system,Index: 1 = maximum restriction,0.06
2016,OECD Digital Services Trade Restrictiveness Index,IND,India,Payment system,Index: 1 = maximum restriction,0.06
2015,OECD Digital Services Trade Restrictiveness Index,IND,India,Payment system,Index: 1 = maximum restriction,0.06
2014,OECD Digital Services Trade Restrictiveness Index,IND,India,Payment system,Index: 1 = maximum restriction,0.06
2020,OECD Digital Services Trade Restrictiveness Index,IND,India,Payment system,Index: 1 = maximum restriction,0.06
2019,OECD Digital Services Trade Restrictiveness Index,IND,India,Payment system,Index: 1 = maximum restriction,0.06
2024,OECD Digital Services Trade Restrictiveness Index,IND,India,Intellectual property rights,Index: 1 = maximum restriction,0
2023,OECD Digital Services Trade Restrictiveness Index,IND,India,Intellectual property rights,Index: 1 = maximum restriction,0
2022,OECD Digital Services Trade Restrictiveness Index,IND,India,Intellectual property rights,Index: 1 = maximum restriction,0
2021,OECD Digital Services Trade Restrictiveness Index,IND,India,Intellectual property rights,Index: 1 = maximum restriction,0
2018,OECD Digital Services Trade Restrictiveness Index,IND,India,Intellectual property rights,Index: 1 = maximum restriction,0
2017,OECD Digital Services Trade Restrictiveness Index,IND,India,Intellectual property rights,Index: 1 = maximum restriction,0
2016,OECD Digital Services Trade Restrictiveness Index,IND,India,Intellectual property rights,Index: 1 = maximum restriction,0
2015,OECD Digital Services Trade Restrictiveness Index,IND,India,Intellectual property rights,Index: 1 = maximum restriction,0
2014,OECD Digital Services Trade Restrictiveness Index,IND,India,Intellectual property rights,Index: 1 = maximum restriction,0
2020,OECD Digital Services Trade Restrictiveness Index,IND,India,Intellectual property rights,Index: 1 = maximum restriction,0
2019,OECD Digital Services Trade Restrictiveness Index,IND,India,Intellectual property rights,Index: 1 = maximum restriction,0
2024,OECD Digital Services Trade Restrictiveness Index,IDN,Indonesia,Infrastructure and connectivity,Index: 1 = maximum restriction,0.12
2023,OECD Digital Services Trade Restrictiveness Index,IDN,Indonesia,Infrastructure and connectivity,Index: 1 = maximum restriction,0.12
2022,OECD Digital Services Trade Restrictiveness Index,IDN,Indonesia,Infrastructure and connectivity,Index: 1 = maximum restriction,0.12
2021,OECD Digital Services Trade Restrictiveness Index,IDN,Indonesia,Infrastructure and connectivity,Index: 1 = maximum restriction,0.12
2018,OECD Digital Services Trade Restrictiveness Index,IDN,Indonesia,Infrastructure and connectivity,Index: 1 = maximum restriction,0.12
2017,OECD Digital Services Trade Restrictiveness Index,IDN,Indonesia,Infrastructure and connectivity,Index: 1 = maximum restriction,0.12
2016,OECD Digital Services Trade Restrictiveness Index,IDN,Indonesia,Infrastructure and connectivity,Index: 1 = maximum restriction,0.12
2015,OECD Digital Services Trade Restrictiveness Index,IDN,Indonesia,Infrastructure and connectivity,Index: 1 = maximum restriction,0.12
2014,OECD Digital Services Trade Restrictiveness Index,IDN,Indonesia,Infrastructure and connectivity,Index: 1 = maximum restriction,0.12
2020,OECD Digital Services Trade Restrictiveness Index,IDN,Indonesia,Infrastructure and connectivity,Index: 1 = maximum restriction,0.12
2019,OECD Digital Services Trade Restrictiveness Index,IDN,Indonesia,Infrastructure and connectivity,Index: 1 = maximum restriction,0.12
2024,OECD Digital Services Trade Restrictiveness Index,IDN,Indonesia,Indicator DSTRI,Index: 1 = maximum restriction,0.31
2023,OECD Digital Services Trade Restrictiveness Index,IDN,Indonesia,Indicator DSTRI,Index: 1 = maximum restriction,0.31
2022,OECD Digital Services Trade Restrictiveness Index,IDN,Indonesia,Indicator DSTRI,Index: 1 = maximum restriction,0.27
2021,OECD Digital Services Trade Restrictiveness Index,IDN,Indonesia,Indicator DSTRI,Index: 1 = maximum restriction,0.27
2018,OECD Digital Services Trade Restrictiveness Index,IDN,Indonesia,Indicator DSTRI,Index: 1 = maximum restriction,0.29
2017,OECD Digital Services Trade Restrictiveness Index,IDN,Indonesia,Indicator DSTRI,Index: 1 = maximum restriction,0.29
2016,OECD Digital Services Trade Restrictiveness Index,IDN,Indonesia,Indicator DSTRI,Index: 1 = maximum restriction,0.29
2015,OECD Digital Services Trade Restrictiveness Index,IDN,Indonesia,Indicator DSTRI,Index: 1 = maximum restriction,0.27
2014,OECD Digital Services Trade Restrictiveness Index,IDN,Indonesia,Indicator DSTRI,Index: 1 = maximum restriction,0.27
2020,OECD Digital Services Trade Restrictiveness Index,IDN,Indonesia,Indicator DSTRI,Index: 1 = maximum restriction,0.29
2019,OECD Digital Services Trade Restrictiveness Index,IDN,Indonesia,Indicator DSTRI,Index: 1 = maximum restriction,0.29
2024,OECD Digital Services Trade Restrictiveness Index,IDN,Indonesia,Electronic transactions,Index: 1 = maximum restriction,0.06
2023,OECD Digital Services Trade Restrictiveness Index,IDN,Indonesia,Electronic transactions,Index: 1 = maximum restriction,0.06
2022,OECD Digital Services Trade Restrictiveness Index,IDN,Indonesia,Electronic transactions,Index: 1 = maximum restriction,0.06
2021,OECD Digital Services Trade Restrictiveness Index,IDN,Indonesia,Electronic transactions,Index: 1 = maximum restriction,0.06
2018,OECD Digital Services Trade Restrictiveness Index,IDN,Indonesia,Electronic transactions,Index: 1 = maximum restriction,0.06
2017,OECD Digital Services Trade Restrictiveness Index,IDN,Indonesia,Electronic transactions,Index: 1 = maximum restriction,0.06
2016,OECD Digital Services Trade Restrictiveness Index,IDN,Indonesia,Electronic transactions,Index: 1 = maximum restriction,0.06
2015,OECD Digital Services Trade Restrictiveness Index,IDN,Indonesia,Electronic transactions,Index: 1 = maximum restriction,0.06
2014,OECD Digital Services Trade Restrictiveness Index,IDN,Indonesia,Electronic transactions,Index: 1 = maximum restriction,0.06
2020,OECD Digital Services Trade Restrictiveness Index,IDN,Indonesia,Electronic transactions,Index: 1 = maximum restriction,0.06
2019,OECD Digital Services Trade Restrictiveness Index,IDN,Indonesia,Electronic transactions,Index: 1 = maximum restriction,0.06
2024,OECD Digital Services Trade Restrictiveness Index,IDN,Indonesia,Other barriers affecting trade in digitally enabled services,Index: 1 = maximum restriction,0.11
2023,OECD Digital Services Trade Restrictiveness Index,IDN,Indonesia,Other barriers affecting trade in digitally enabled services,Index: 1 = maximum restriction,0.11
2022,OECD Digital Services Trade Restrictiveness Index,IDN,Indonesia,Other barriers affecting trade in digitally enabled services,Index: 1 = maximum restriction,0.07
2021,OECD Digital Services Trade Restrictiveness Index,IDN,Indonesia,Other barriers affecting trade in digitally enabled services,Index: 1 = maximum restriction,0.07
2018,OECD Digital Services Trade Restrictiveness Index,IDN,Indonesia,Other barriers affecting trade in digitally enabled services,Index: 1 = maximum restriction,0.07
2017,OECD Digital Services Trade Restrictiveness Index,IDN,Indonesia,Other barriers affecting trade in digitally enabled services,Index: 1 = maximum restriction,0.07
2016,OECD Digital Services Trade Restrictiveness Index,IDN,Indonesia,Other barriers affecting trade in digitally enabled services,Index: 1 = maximum restriction,0.07
2015,OECD Digital Services Trade Restrictiveness Index,IDN,Indonesia,Other barriers affecting trade in digitally enabled services,Index: 1 = maximum restriction,0.07
2014,OECD Digital Services Trade Restrictiveness Index,IDN,Indonesia,Other barriers affecting trade in digitally enabled services,Index: 1 = maximum restriction,0.07
2020,OECD Digital Services Trade Restrictiveness Index,IDN,Indonesia,Other barriers affecting trade in digitally enabled services,Index: 1 = maximum restriction,0.07
2019,OECD Digital Services Trade Restrictiveness Index,IDN,Indonesia,Other barriers affecting trade in digitally enabled services,Index: 1 = maximum restriction,0.07
2024,OECD Digital Services Trade Restrictiveness Index,IDN,Indonesia,Payment system,Index: 1 = maximum restriction,0.02
2023,OECD Digital Services Trade Restrictiveness Index,IDN,Indonesia,Payment system,Index: 1 = maximum restriction,0.02
2022,OECD Digital Services Trade Restrictiveness Index,IDN,Indonesia,Payment system,Index: 1 = maximum restriction,0.02
2021,OECD Digital Services Trade Restrictiveness Index,IDN,Indonesia,Payment system,Index: 1 = maximum restriction,0.02
2018,OECD Digital Services Trade Restrictiveness Index,IDN,Indonesia,Payment system,Index: 1 = maximum restriction,0.04
2017,OECD Digital Services Trade Restrictiveness Index,IDN,Indonesia,Payment system,Index: 1 = maximum restriction,0.04
2016,OECD Digital Services Trade Restrictiveness Index,IDN,Indonesia,Payment system,Index: 1 = maximum restriction,0.04
2015,OECD Digital Services Trade Restrictiveness Index,IDN,Indonesia,Payment system,Index: 1 = maximum restriction,0.02
2014,OECD Digital Services Trade Restrictiveness Index,IDN,Indonesia,Payment system,Index: 1 = maximum restriction,0.02
2020,OECD Digital Services Trade Restrictiveness Index,IDN,Indonesia,Payment system,Index: 1 = maximum restriction,0.04
2019,OECD Digital Services Trade Restrictiveness Index,IDN,Indonesia,Payment system,Index: 1 = maximum restriction,0.04
2024,OECD Digital Services Trade Restrictiveness Index,IDN,Indonesia,Intellectual property rights,Index: 1 = maximum restriction,0
2023,OECD Digital Services Trade Restrictiveness Index,IDN,Indonesia,Intellectual property rights,Index: 1 = maximum restriction,0
2022,OECD Digital Services Trade Restrictiveness Index,IDN,Indonesia,Intellectual property rights,Index: 1 = maximum restriction,0
2021,OECD Digital Services Trade Restrictiveness Index,IDN,Indonesia,Intellectual property rights,Index: 1 = maximum restriction,0
2018,OECD Digital Services Trade Restrictiveness Index,IDN,Indonesia,Intellectual property rights,Index: 1 = maximum restriction,0
2017,OECD Digital Services Trade Restrictiveness Index,IDN,Indonesia,Intellectual property rights,Index: 1 = maximum restriction,0
2016,OECD Digital Services Trade Restrictiveness Index,IDN,Indonesia,Intellectual property rights,Index: 1 = maximum restriction,0
2015,OECD Digital Services Trade Restrictiveness Index,IDN,Indonesia,Intellectual property rights,Index: 1 = maximum restriction,0
2014,OECD Digital Services Trade Restrictiveness Index,IDN,Indonesia,Intellectual property rights,Index: 1 = maximum restriction,0
2020,OECD Digital Services Trade Restrictiveness Index,IDN,Indonesia,Intellectual property rights,Index: 1 = maximum restriction,0
2019,OECD Digital Services Trade Restrictiveness Index,IDN,Indonesia,Intellectual property rights,Index: 1 = maximum restriction,0
2024,OECD Digital Services Trade Restrictiveness Index,ZAF,South Africa,Infrastructure and connectivity,Index: 1 = maximum restriction,0.24
2023,OECD Digital Services Trade Restrictiveness Index,ZAF,South Africa,Infrastructure and connectivity,Index: 1 = maximum restriction,0.24
2022,OECD Digital Services Trade Restrictiveness Index,ZAF,South Africa,Infrastructure and connectivity,Index: 1 = maximum restriction,0.24
2021,OECD Digital Services Trade Restrictiveness Index,ZAF,South Africa,Infrastructure and connectivity,Index: 1 = maximum restriction,0.24
2018,OECD Digital Services Trade Restrictiveness Index,ZAF,South Africa,Infrastructure and connectivity,Index: 1 = maximum restriction,0.24
2017,OECD Digital Services Trade Restrictiveness Index,ZAF,South Africa,Infrastructure and connectivity,Index: 1 = maximum restriction,0.24
2016,OECD Digital Services Trade Restrictiveness Index,ZAF,South Africa,Infrastructure and connectivity,Index: 1 = maximum restriction,0.24
2015,OECD Digital Services Trade Restrictiveness Index,ZAF,South Africa,Infrastructure and connectivity,Index: 1 = maximum restriction,0.24
2014,OECD Digital Services Trade Restrictiveness Index,ZAF,South Africa,Infrastructure and connectivity,Index: 1 = maximum restriction,0.24
2020,OECD Digital Services Trade Restrictiveness Index,ZAF,South Africa,Infrastructure and connectivity,Index: 1 = maximum restriction,0.24
2019,OECD Digital Services Trade Restrictiveness Index,ZAF,South Africa,Infrastructure and connectivity,Index: 1 = maximum restriction,0.24
2024,OECD Digital Services Trade Restrictiveness Index,ZAF,South Africa,Indicator DSTRI,Index: 1 = maximum restriction,0.3
2023,OECD Digital Services Trade Restrictiveness Index,ZAF,South Africa,Indicator DSTRI,Index: 1 = maximum restriction,0.3
2022,OECD Digital Services Trade Restrictiveness Index,ZAF,South Africa,Indicator DSTRI,Index: 1 = maximum restriction,0.3
2021,OECD Digital Services Trade Restrictiveness Index,ZAF,South Africa,Indicator DSTRI,Index: 1 = maximum restriction,0.3
2018,OECD Digital Services Trade Restrictiveness Index,ZAF,South Africa,Indicator DSTRI,Index: 1 = maximum restriction,0.3
2017,OECD Digital Services Trade Restrictiveness Index,ZAF,South Africa,Indicator DSTRI,Index: 1 = maximum restriction,0.3
2016,OECD Digital Services Trade Restrictiveness Index,ZAF,South Africa,Indicator DSTRI,Index: 1 = maximum restriction,0.3
2015,OECD Digital Services Trade Restrictiveness Index,ZAF,South Africa,Indicator DSTRI,Index: 1 = maximum restriction,0.3
2014,OECD Digital Services Trade Restrictiveness Index,ZAF,South Africa,Indicator DSTRI,Index: 1 = maximum restriction,0.3
2020,OECD Digital Services Trade Restrictiveness Index,ZAF,South Africa,Indicator DSTRI,Index: 1 = maximum restriction,0.3
2019,OECD Digital Services Trade Restrictiveness Index,ZAF,South Africa,Indicator DSTRI,Index: 1 = maximum restriction,0.3
2024,OECD Digital Services Trade Restrictiveness Index,ZAF,South Africa,Electronic transactions,Index: 1 = maximum restriction,0.04
2023,OECD Digital Services Trade Restrictiveness Index,ZAF,South Africa,Electronic transactions,Index: 1 = maximum restriction,0.04
2022,OECD Digital Services Trade Restrictiveness Index,ZAF,South Africa,Electronic transactions,Index: 1 = maximum restriction,0.04
2021,OECD Digital Services Trade Restrictiveness Index,ZAF,South Africa,Electronic transactions,Index: 1 = maximum restriction,0.04
2018,OECD Digital Services Trade Restrictiveness Index,ZAF,South Africa,Electronic transactions,Index: 1 = maximum restriction,0.04
2017,OECD Digital Services Trade Restrictiveness Index,ZAF,South Africa,Electronic transactions,Index: 1 = maximum restriction,0.04
2016,OECD Digital Services Trade Restrictiveness Index,ZAF,South Africa,Electronic transactions,Index: 1 = maximum restriction,0.04
2015,OECD Digital Services Trade Restrictiveness Index,ZAF,South Africa,Electronic transactions,Index: 1 = maximum restriction,0.04
2014,OECD Digital Services Trade Restrictiveness Index,ZAF,South Africa,Electronic transactions,Index: 1 = maximum restriction,0.04
2020,OECD Digital Services Trade Restrictiveness Index,ZAF,South Africa,Electronic transactions,Index: 1 = maximum restriction,0.04
2019,OECD Digital Services Trade Restrictiveness Index,ZAF,South Africa,Electronic transactions,Index: 1 = maximum restriction,0.04
2024,OECD Digital Services Trade Restrictiveness Index,ZAF,South Africa,Other barriers affecting trade in digitally enabled services,Index: 1 = maximum restriction,0
2023,OECD Digital Services Trade Restrictiveness Index,ZAF,South Africa,Other barriers affecting trade in digitally enabled services,Index: 1 = maximum restriction,0
2022,OECD Digital Services Trade Restrictiveness Index,ZAF,South Africa,Other barriers affecting trade in digitally enabled services,Index: 1 = maximum restriction,0
2021,OECD Digital Services Trade Restrictiveness Index,ZAF,South Africa,Other barriers affecting trade in digitally enabled services,Index: 1 = maximum restriction,0
2018,OECD Digital Services Trade Restrictiveness Index,ZAF,South Africa,Other barriers affecting trade in digitally enabled services,Index: 1 = maximum restriction,0
2017,OECD Digital Services Trade Restrictiveness Index,ZAF,South Africa,Other barriers affecting trade in digitally enabled services,Index: 1 = maximum restriction,0
2016,OECD Digital Services Trade Restrictiveness Index,ZAF,South Africa,Other barriers affecting trade in digitally enabled services,Index: 1 = maximum restriction,0
2015,OECD Digital Services Trade Restrictiveness Index,ZAF,South Africa,Other barriers affecting trade in digitally enabled services,Index: 1 = maximum restriction,0
2014,OECD Digital Services Trade Restrictiveness Index,ZAF,South Africa,Other barriers affecting trade in digitally enabled services,Index: 1 = maximum restriction,0
2020,OECD Digital Services Trade Restrictiveness Index,ZAF,South Africa,Other barriers affecting trade in digitally enabled services,Index: 1 = maximum restriction,0
2019,OECD Digital Services Trade Restrictiveness Index,ZAF,South Africa,Other barriers affecting trade in digitally enabled services,Index: 1 = maximum restriction,0
2024,OECD Digital Services Trade Restrictiveness Index,ZAF,South Africa,Payment system,Index: 1 = maximum restriction,0
2023,OECD Digital Services Trade Restrictiveness Index,ZAF,South Africa,Payment system,Index: 1 = maximum restriction,0
2022,OECD Digital Services Trade Restrictiveness Index,ZAF,South Africa,Payment system,Index: 1 = maximum restriction,0
2021,OECD Digital Services Trade Restrictiveness Index,ZAF,South Africa,Payment system,Index: 1 = maximum restriction,0
2018,OECD Digital Services Trade Restrictiveness Index,ZAF,South Africa,Payment system,Index: 1 = maximum restriction,0
2017,OECD Digital Services Trade Restrictiveness Index,ZAF,South Africa,Payment system,Index: 1 = maximum restriction,0
2016,OECD Digital Services Trade Restrictiveness Index,ZAF,South Africa,Payment system,Index: 1 = maximum restriction,0
2015,OECD Digital Services Trade Restrictiveness Index,ZAF,South Africa,Payment system,Index: 1 = maximum restriction,0
2014,OECD Digital Services Trade Restrictiveness Index,ZAF,South Africa,Payment system,Index: 1 = maximum restriction,0
2020,OECD Digital Services Trade Restrictiveness Index,ZAF,South Africa,Payment system,Index: 1 = maximum restriction,0
2019,OECD Digital Services Trade Restrictiveness Index,ZAF,South Africa,Payment system,Index: 1 = maximum restriction,0
2024,OECD Digital Services Trade Restrictiveness Index,ZAF,South Africa,Intellectual property rights,Index: 1 = maximum restriction,0.02
2023,OECD Digital Services Trade Restrictiveness Index,ZAF,South Africa,Intellectual property rights,Index: 1 = maximum restriction,0.02
2022,OECD Digital Services Trade Restrictiveness Index,ZAF,South Africa,Intellectual property rights,Index: 1 = maximum restriction,0.02
2021,OECD Digital Services Trade Restrictiveness Index,ZAF,South Africa,Intellectual property rights,Index: 1 = maximum restriction,0.02
2018,OECD Digital Services Trade Restrictiveness Index,ZAF,South Africa,Intellectual property rights,Index: 1 = maximum restriction,0.02
2017,OECD Digital Services Trade Restrictiveness Index,ZAF,South Africa,Intellectual property rights,Index: 1 = maximum restriction,0.02
2016,OECD Digital Services Trade Restrictiveness Index,ZAF,South Africa,Intellectual property rights,Index: 1 = maximum restriction,0.02
2015,OECD Digital Services Trade Restrictiveness Index,ZAF,South Africa,Intellectual property rights,Index: 1 = maximum restriction,0.02
2014,OECD Digital Services Trade Restrictiveness Index,ZAF,South Africa,Intellectual property rights,Index: 1 = maximum restriction,0.02
2020,OECD Digital Services Trade Restrictiveness Index,ZAF,South Africa,Intellectual property rights,Index: 1 = maximum restriction,0.02
2019,OECD Digital Services Trade Restrictiveness Index,ZAF,South Africa,Intellectual property rights,Index: 1 = maximum restriction,0.02